[{"fields": {"model": "logentry", "app_label": "admin"}, "pk": 1, "model": "contenttypes.contenttype"}, {"fields": {"model": "permission", "app_label": "auth"}, "pk": 2, "model": "contenttypes.contenttype"}, {"fields": {"model": "group", "app_label": "auth"}, "pk": 3, "model": "contenttypes.contenttype"}, {"fields": {"model": "user", "app_label": "auth"}, "pk": 4, "model": "contenttypes.contenttype"}, {"fields": {"model": "contenttype", "app_label": "contenttypes"}, "pk": 5, "model": "contenttypes.contenttype"}, {"fields": {"model": "session", "app_label": "sessions"}, "pk": 6, "model": "contenttypes.contenttype"}, {"fields": {"model": "registrationprofile", "app_label": "registration"}, "pk": 7, "model": "contenttypes.contenttype"}, {"fields": {"model": "usersocialauth", "app_label": "default"}, "pk": 8, "model": "contenttypes.contenttype"}, {"fields": {"model": "nonce", "app_label": "default"}, "pk": 9, "model": "contenttypes.contenttype"}, {"fields": {"model": "association", "app_label": "default"}, "pk": 10, "model": "contenttypes.contenttype"}, {"fields": {"model": "code", "app_label": "default"}, "pk": 11, "model": "contenttypes.contenttype"}, {"fields": {"model": "tag", "app_label": "task"}, "pk": 12, "model": "contenttypes.contenttype"}, {"fields": {"model": "task", "app_label": "task"}, "pk": 14, "model": "contenttypes.contenttype"}, {"fields": {"model": "answer", "app_label": "task"}, "pk": 15, "model": "contenttypes.contenttype"}, {"fields": {"model": "solving", "app_label": "task"}, "pk": 16, "model": "contenttypes.contenttype"}, {"fields": {"model": "comment", "app_label": "comments"}, "pk": 17, "model": "contenttypes.contenttype"}, {"fields": {"model": "rating", "app_label": "task"}, "pk": 18, "model": "contenttypes.contenttype"}, {"fields": {"model": "achievement", "app_label": "user_account"}, "pk": 19, "model": "contenttypes.contenttype"}, {"fields": {"model": "userprofile", "app_label": "user_account"}, "pk": 20, "model": "contenttypes.contenttype"}, {"fields": {"model": "achievementssettings", "app_label": "user_account"}, "pk": 21, "model": "contenttypes.contenttype"}, {"fields": {"expire_date": "2015-10-01T08:06:24.617Z", "session_data": "YzY3ZDM5YmY3NmRkYTI2ZmI5YThhMzg3NzhkNmIyNGI5MWRiMmE1ODp7Il9hdXRoX3VzZXJfYmFja2VuZCI6ImRqYW5nby5jb250cmliLmF1dGguYmFja2VuZHMuTW9kZWxCYWNrZW5kIiwiX2F1dGhfdXNlcl9oYXNoIjoiYzk0ZDNhYWU2MGFjMjM4Nzg2ODgxOWM4MTMwZDQ0NWFhM2JiYmIwZSIsIl9hdXRoX3VzZXJfaWQiOiIxIn0="}, "pk": "0hq8l9r84entq8ubn4hmsbgaogbpvhqv", "model": "sessions.session"}, {"fields": {"expire_date": "2015-09-23T18:55:41.015Z", "session_data": "YjA2YjQxY2YzODMwMDJjMTNlNTY3YTJjMTM4ZWI5MzQwNzkzYjVlZTp7Il9hdXRoX3VzZXJfYmFja2VuZCI6ImRqYW5nby5jb250cmliLmF1dGguYmFja2VuZHMuTW9kZWxCYWNrZW5kIiwiX2F1dGhfdXNlcl9pZCI6IjEiLCJfYXV0aF91c2VyX2hhc2giOiJjOTRkM2FhZTYwYWMyMzg3ODY4ODE5YzgxMzBkNDQ1YWEzYmJiYjBlIn0="}, "pk": "ina4kc7tn94ixyidtjyp9kmugga4w5kq", "model": "sessions.session"}, {"fields": {"expire_date": "2015-09-28T12:44:39.758Z", "session_data": "YWE4NjQ0ODNkZjcxNjRmNDY2MWJiNTZlOTE3NWRhYTMzNGYzMTBmNDp7Il9hdXRoX3VzZXJfaWQiOiIxIiwiX2F1dGhfdXNlcl9iYWNrZW5kIjoiZGphbmdvLmNvbnRyaWIuYXV0aC5iYWNrZW5kcy5Nb2RlbEJhY2tlbmQiLCJfYXV0aF91c2VyX2hhc2giOiJjOTRkM2FhZTYwYWMyMzg3ODY4ODE5YzgxMzBkNDQ1YWEzYmJiYjBlIn0="}, "pk": "lnjhy5doq55hd0heh4vl34ws8srpqhbh", "model": "sessions.session"}, {"fields": {"expire_date": "2015-09-30T17:41:12.655Z", "session_data": "ZWZlMzBhOWU1MDQzM2E4NmZhMzM3Y2NiMjNmMjc4MWEyYWIyZDRmZTp7Il9hdXRoX3VzZXJfaWQiOiIyIiwiX2F1dGhfdXNlcl9iYWNrZW5kIjoiZGphbmdvLmNvbnRyaWIuYXV0aC5iYWNrZW5kcy5Nb2RlbEJhY2tlbmQiLCJfYXV0aF91c2VyX2hhc2giOiJiYzM0ZTk5Y2VlMzUzOTRkZTU1OTIxYzVlN2RlZjUzY2NlOWUwZDRiIiwiX2xhbmd1YWdlIjoiZW4ifQ=="}, "pk": "ta08n40hojlzdfclkmflp5xm8f7dd3sr", "model": "sessions.session"}, {"fields": {"expire_date": "2015-09-21T18:30:02.039Z", "session_data": "M2QyZjA5MzU1NGQ5YWI5ZTA1NjA0OTE4ZDc5YjNjNTZlYWUyOTYwZTp7InZrLW9hdXRoMl9zdGF0ZSI6IjZXV0RWMG4yeWcxbHdNczBDYjdDQmZSV1ZrUTlGbVpxIiwiX2F1dGhfdXNlcl9iYWNrZW5kIjoic29jaWFsLmJhY2tlbmRzLnZrLlZLT0F1dGgyIiwiX2F1dGhfdXNlcl9oYXNoIjoiNDdkMDE4ZDI1MTcxODAyMzU3ZGUyYzA4MThjY2FjNTkyYmUyYjcyNiIsInNvY2lhbF9hdXRoX2xhc3RfbG9naW5fYmFja2VuZCI6InZrLW9hdXRoMiIsIl9hdXRoX3VzZXJfaWQiOiI2In0="}, "pk": "uvvojcb8rvobg456vet5hkmx87jdl95t", "model": "sessions.session"}, {"fields": {"tag_name": "pythonYeah"}, "pk": 3, "model": "task.tag"}, {"fields": {"tag_name": "pythonYEAH"}, "pk": 5, "model": "task.tag"}, {"fields": {"tag_name": "python"}, "pk": 9, "model": "task.tag"}, {"fields": {"tag_name": "pythonYeah1"}, "pk": 11, "model": "task.tag"}, {"fields": {"tag_name": "\u0442\u0430\u0441\u043a\u0430"}, "pk": 14, "model": "task.tag"}, {"fields": {"tag_name": "Task"}, "pk": 15, "model": "task.tag"}, {"fields": {"tag_name": "1"}, "pk": 18, "model": "task.tag"}, {"fields": {"tag_name": "w"}, "pk": 19, "model": "task.tag"}, {"fields": {"tag_name": "z"}, "pk": 20, "model": "task.tag"}, {"fields": {"tag_name": "qw"}, "pk": 21, "model": "task.tag"}, {"fields": {"tag_name": "Uncle"}, "pk": 22, "model": "task.tag"}, {"fields": {"tag_name": "Ramsey"}, "pk": 23, "model": "task.tag"}, {"fields": {"tag_name": "deutsch"}, "pk": 24, "model": "task.tag"}, {"fields": {"tag_name": "Taska"}, "pk": 25, "model": "task.tag"}, {"fields": {"task": 7, "text": "Neuer"}, "pk": 10, "model": "task.answer"}, {"fields": {"task": 8, "text": "Python"}, "pk": 13, "model": "task.answer"}, {"fields": {"task": 11, "text": "q"}, "pk": 15, "model": "task.answer"}, {"fields": {"task": 12, "text": "9"}, "pk": 16, "model": "task.answer"}, {"fields": {"task": 12, "text": "8"}, "pk": 17, "model": "task.answer"}, {"fields": {"task": 20, "text": "3"}, "pk": 127, "model": "task.answer"}, {"fields": {"task": 49, "text": "qw"}, "pk": 149, "model": "task.answer"}, {"fields": {"task": 5, "text": "\u0414\u044f\u0434\u044f \u0421\u0442\u0435\u043f\u0430"}, "pk": 150, "model": "task.answer"}, {"fields": {"task": 50, "text": "Ramsey"}, "pk": 151, "model": "task.answer"}, {"fields": {"task": 6, "text": "0"}, "pk": 161, "model": "task.answer"}, {"fields": {"fullDescription": "\u0421\u043e\u0437\u0434\u0430\u043b 5 \u0437\u0430\u0434\u0430\u0447", "name": "Creator1", "description": "\u0421\u043e\u0437\u0434\u0430\u0442\u0435\u043b\u044c 1 \u0443\u0440\u043e\u0432\u043d\u044f", "imageUrl": "\\\\user_account\\\\static\\\\user_account\\\\pictures\\\\hammer1.jpg"}, "pk": 1, "model": "user_account.achievement"}, {"fields": {"fullDescription": "\u0421\u043e\u0437\u0434\u0430\u043b 10 \u0437\u0430\u0434\u0430\u0447", "name": "Creator2", "description": "\u0421\u043e\u0437\u0434\u0430\u0442\u0435\u043b\u044c 2 \u0443\u0440\u043e\u0432\u043d\u044f", "imageUrl": "\\\\user_account\\\\static\\\\user_account\\\\pictures\\\\hammer2.jpg"}, "pk": 2, "model": "user_account.achievement"}, {"fields": {"fullDescription": "\u0420\u0435\u0448\u0438\u043b 5 \u0437\u0430\u0434\u0430\u0447", "name": "Solver1", "description": "\u0420\u0435\u0448\u0430\u0442\u0435\u043b\u044c 1  \u0443\u0440\u043e\u0432\u043d\u044f", "imageUrl": "\\\\user_account\\\\static\\\\user_account\\\\pictures\\\\Mind1.jpg"}, "pk": 3, "model": "user_account.achievement"}, {"fields": {"fullDescription": "\u0420\u0435\u0448\u0438\u043b 10 \u0437\u0430\u0434\u0430\u0447", "name": "Solver2", "description": "\u0420\u0435\u0448\u0430\u0442\u0435\u043b\u044c 2 \u0443\u0440\u043e\u0432\u043d\u044f", "imageUrl": "\\\\user_account\\\\static\\\\user_account\\\\pictures\\\\Mind2.jpg"}, "pk": 4, "model": "user_account.achievement"}, {"fields": {"fullDescription": "\u041e\u0441\u0442\u0430\u0432\u0438\u043b 5 \u043a\u043e\u043c\u043c\u0435\u043d\u0442\u0430\u0440\u0438\u0435\u0432", "name": "Commentator1", "description": "\u041a\u043e\u043c\u043c\u0435\u043d\u0442\u0430\u0442\u043e\u0440 1 \u0443\u0440\u043e\u0432\u043d\u044f", "imageUrl": "\\\\user_account\\\\static\\\\user_account\\\\pictures\\\\comment1.png"}, "pk": 5, "model": "user_account.achievement"}, {"fields": {"fullDescription": "\u041e\u0441\u0442\u0430\u0432\u0438\u043b 10 \u043a\u043e\u043c\u043c\u0435\u043d\u0442\u0430\u0440\u0438\u0435\u0432", "name": "Commentator2", "description": "\u041a\u043e\u043c\u043c\u0435\u043d\u0442\u0430\u0442\u043e\u0440 2 \u0443\u0440\u043e\u0432\u043d\u044f", "imageUrl": "\\\\user_account\\\\static\\\\user_account\\\\pictures\\\\comment2.png"}, "pk": 6, "model": "user_account.achievement"}, {"fields": {"fullDescription": "\u041f\u0435\u0440\u0432\u044b\u043c \u0440\u0435\u0448\u0438\u043b \u0442\u0430\u0441\u043a\u0443", "name": "First", "description": "\u041f\u0435\u0440\u0432\u044b\u0439", "imageUrl": "\\\\user_account\\\\static\\\\user_account\\\\pictures\\\\First.jpg"}, "pk": 7, "model": "user_account.achievement"}, {"fields": {"fullDescription": "\u0421\u043e\u0437\u0434\u0430\u043b 20 \u0437\u0430\u0434\u0430\u0447", "name": "Creator3", "description": "\u0421\u043e\u0437\u0434\u0430\u0442\u0435\u043b\u044c 3 \u0443\u0440\u043e\u0432\u043d\u044f", "imageUrl": "\\\\user_account\\\\static\\\\user_account\\\\pictures\\\\hammer3.jpg"}, "pk": 8, "model": "user_account.achievement"}, {"fields": {"fullDescription": "\u0421\u043e\u0437\u0434\u0430\u043b 30 \u0437\u0430\u0434\u0430\u0447", "name": "Creator4", "description": "\u0421\u043e\u0437\u0434\u0430\u0442\u0435\u043b\u044c 4 \u0443\u0440\u043e\u0432\u043d\u044f", "imageUrl": "\\\\user_account\\\\static\\\\user_account\\\\pictures\\\\hammer4.jpg"}, "pk": 9, "model": "user_account.achievement"}, {"fields": {"fullDescription": "\u0420\u0435\u0448\u0438\u043b 20 \u0437\u0430\u0434\u0430\u0447", "name": "Solver3", "description": "\u0420\u0435\u0448\u0430\u0442\u0435\u043b\u044c 3 \u0443\u0440\u043e\u0432\u043d\u044f", "imageUrl": "\\\\user_account\\\\static\\\\user_account\\\\pictures\\\\Mind3.jpg"}, "pk": 10, "model": "user_account.achievement"}, {"fields": {"fullDescription": "\u0420\u0435\u0448\u0438\u043b 30 \u0437\u0430\u0434\u0430\u0447", "name": "Solver4", "description": "\u0420\u0435\u0448\u0430\u0442\u0435\u043b\u044c 4 \u0443\u0440\u043e\u0432\u043d\u044f", "imageUrl": "\\\\user_account\\\\static\\\\user_account\\\\pictures\\\\Mind4.jpg"}, "pk": 11, "model": "user_account.achievement"}, {"fields": {"fullDescription": "\u041e\u0441\u0442\u0430\u0432\u0438\u043b 20 \u043a\u043e\u043c\u043c\u0435\u043d\u0442\u043e\u0432", "name": "Commentator3", "description": "\u041a\u043e\u043c\u043c\u0435\u043d\u0442\u0430\u0442\u043e\u0440 3 \u0443\u0440\u043e\u0432\u043d\u044f", "imageUrl": "\\\\user_account\\\\static\\\\user_account\\\\pictures\\\\comment3.png"}, "pk": 12, "model": "user_account.achievement"}, {"fields": {"fullDescription": "\u041e\u0441\u0442\u0430\u0432\u0438\u043b 30 \u043a\u043e\u043c\u043c\u0435\u043d\u0442\u043e\u0432", "name": "Commentator4", "description": "\u041a\u043e\u043c\u043c\u0435\u043d\u0442\u0430\u0442\u043e\u0440 4 \u0443\u0440\u043e\u0432\u043d\u044f", "imageUrl": "\\\\user_account\\\\static\\\\user_account\\\\pictures\\\\comment4.png"}, "pk": 13, "model": "user_account.achievement"}, {"fields": {"count": 5, "achievement": 7, "userProfile": 1}, "pk": 12, "model": "user_account.achievementssettings"}, {"fields": {"count": 1, "achievement": 5, "userProfile": 1}, "pk": 14, "model": "user_account.achievementssettings"}, {"fields": {"count": 1, "achievement": 3, "userProfile": 1}, "pk": 15, "model": "user_account.achievementssettings"}, {"fields": {"count": 1, "achievement": 1, "userProfile": 1}, "pk": 17, "model": "user_account.achievementssettings"}, {"fields": {"count": 2, "achievement": 7, "userProfile": 2}, "pk": 18, "model": "user_account.achievementssettings"}, {"fields": {"count": 1, "achievement": 1, "userProfile": 2}, "pk": 19, "model": "user_account.achievementssettings"}, {"fields": {"count": 1, "achievement": 3, "userProfile": 2}, "pk": 20, "model": "user_account.achievementssettings"}, {"fields": {"count": 1, "achievement": 6, "userProfile": 1}, "pk": 21, "model": "user_account.achievementssettings"}, {"fields": {"codename": "add_logentry", "content_type": 1, "name": "Can add log entry"}, "pk": 1, "model": "auth.permission"}, {"fields": {"codename": "change_logentry", "content_type": 1, "name": "Can change log entry"}, "pk": 2, "model": "auth.permission"}, {"fields": {"codename": "delete_logentry", "content_type": 1, "name": "Can delete log entry"}, "pk": 3, "model": "auth.permission"}, {"fields": {"codename": "add_permission", "content_type": 2, "name": "Can add permission"}, "pk": 4, "model": "auth.permission"}, {"fields": {"codename": "change_permission", "content_type": 2, "name": "Can change permission"}, "pk": 5, "model": "auth.permission"}, {"fields": {"codename": "delete_permission", "content_type": 2, "name": "Can delete permission"}, "pk": 6, "model": "auth.permission"}, {"fields": {"codename": "add_group", "content_type": 3, "name": "Can add group"}, "pk": 7, "model": "auth.permission"}, {"fields": {"codename": "change_group", "content_type": 3, "name": "Can change group"}, "pk": 8, "model": "auth.permission"}, {"fields": {"codename": "delete_group", "content_type": 3, "name": "Can delete group"}, "pk": 9, "model": "auth.permission"}, {"fields": {"codename": "add_user", "content_type": 4, "name": "Can add user"}, "pk": 10, "model": "auth.permission"}, {"fields": {"codename": "change_user", "content_type": 4, "name": "Can change user"}, "pk": 11, "model": "auth.permission"}, {"fields": {"codename": "delete_user", "content_type": 4, "name": "Can delete user"}, "pk": 12, "model": "auth.permission"}, {"fields": {"codename": "add_contenttype", "content_type": 5, "name": "Can add content type"}, "pk": 13, "model": "auth.permission"}, {"fields": {"codename": "change_contenttype", "content_type": 5, "name": "Can change content type"}, "pk": 14, "model": "auth.permission"}, {"fields": {"codename": "delete_contenttype", "content_type": 5, "name": "Can delete content type"}, "pk": 15, "model": "auth.permission"}, {"fields": {"codename": "add_session", "content_type": 6, "name": "Can add session"}, "pk": 16, "model": "auth.permission"}, {"fields": {"codename": "change_session", "content_type": 6, "name": "Can change session"}, "pk": 17, "model": "auth.permission"}, {"fields": {"codename": "delete_session", "content_type": 6, "name": "Can delete session"}, "pk": 18, "model": "auth.permission"}, {"fields": {"codename": "add_registrationprofile", "content_type": 7, "name": "Can add registration profile"}, "pk": 19, "model": "auth.permission"}, {"fields": {"codename": "change_registrationprofile", "content_type": 7, "name": "Can change registration profile"}, "pk": 20, "model": "auth.permission"}, {"fields": {"codename": "delete_registrationprofile", "content_type": 7, "name": "Can delete registration profile"}, "pk": 21, "model": "auth.permission"}, {"fields": {"codename": "add_usersocialauth", "content_type": 8, "name": "Can add user social auth"}, "pk": 22, "model": "auth.permission"}, {"fields": {"codename": "change_usersocialauth", "content_type": 8, "name": "Can change user social auth"}, "pk": 23, "model": "auth.permission"}, {"fields": {"codename": "delete_usersocialauth", "content_type": 8, "name": "Can delete user social auth"}, "pk": 24, "model": "auth.permission"}, {"fields": {"codename": "add_nonce", "content_type": 9, "name": "Can add nonce"}, "pk": 25, "model": "auth.permission"}, {"fields": {"codename": "change_nonce", "content_type": 9, "name": "Can change nonce"}, "pk": 26, "model": "auth.permission"}, {"fields": {"codename": "delete_nonce", "content_type": 9, "name": "Can delete nonce"}, "pk": 27, "model": "auth.permission"}, {"fields": {"codename": "add_association", "content_type": 10, "name": "Can add association"}, "pk": 28, "model": "auth.permission"}, {"fields": {"codename": "change_association", "content_type": 10, "name": "Can change association"}, "pk": 29, "model": "auth.permission"}, {"fields": {"codename": "delete_association", "content_type": 10, "name": "Can delete association"}, "pk": 30, "model": "auth.permission"}, {"fields": {"codename": "add_code", "content_type": 11, "name": "Can add code"}, "pk": 31, "model": "auth.permission"}, {"fields": {"codename": "change_code", "content_type": 11, "name": "Can change code"}, "pk": 32, "model": "auth.permission"}, {"fields": {"codename": "delete_code", "content_type": 11, "name": "Can delete code"}, "pk": 33, "model": "auth.permission"}, {"fields": {"codename": "add_tag", "content_type": 12, "name": "Can add tag"}, "pk": 34, "model": "auth.permission"}, {"fields": {"codename": "change_tag", "content_type": 12, "name": "Can change tag"}, "pk": 35, "model": "auth.permission"}, {"fields": {"codename": "delete_tag", "content_type": 12, "name": "Can delete tag"}, "pk": 36, "model": "auth.permission"}, {"fields": {"codename": "add_task", "content_type": 14, "name": "Can add task"}, "pk": 40, "model": "auth.permission"}, {"fields": {"codename": "change_task", "content_type": 14, "name": "Can change task"}, "pk": 41, "model": "auth.permission"}, {"fields": {"codename": "delete_task", "content_type": 14, "name": "Can delete task"}, "pk": 42, "model": "auth.permission"}, {"fields": {"codename": "add_answer", "content_type": 15, "name": "Can add answer"}, "pk": 43, "model": "auth.permission"}, {"fields": {"codename": "change_answer", "content_type": 15, "name": "Can change answer"}, "pk": 44, "model": "auth.permission"}, {"fields": {"codename": "delete_answer", "content_type": 15, "name": "Can delete answer"}, "pk": 45, "model": "auth.permission"}, {"fields": {"codename": "add_solving", "content_type": 16, "name": "Can add solving"}, "pk": 46, "model": "auth.permission"}, {"fields": {"codename": "change_solving", "content_type": 16, "name": "Can change solving"}, "pk": 47, "model": "auth.permission"}, {"fields": {"codename": "delete_solving", "content_type": 16, "name": "Can delete solving"}, "pk": 48, "model": "auth.permission"}, {"fields": {"codename": "add_comment", "content_type": 17, "name": "Can add comment"}, "pk": 49, "model": "auth.permission"}, {"fields": {"codename": "change_comment", "content_type": 17, "name": "Can change comment"}, "pk": 50, "model": "auth.permission"}, {"fields": {"codename": "delete_comment", "content_type": 17, "name": "Can delete comment"}, "pk": 51, "model": "auth.permission"}, {"fields": {"codename": "add_rating", "content_type": 18, "name": "Can add rating"}, "pk": 52, "model": "auth.permission"}, {"fields": {"codename": "change_rating", "content_type": 18, "name": "Can change rating"}, "pk": 53, "model": "auth.permission"}, {"fields": {"codename": "delete_rating", "content_type": 18, "name": "Can delete rating"}, "pk": 54, "model": "auth.permission"}, {"fields": {"codename": "add_achievement", "content_type": 19, "name": "Can add achievement"}, "pk": 55, "model": "auth.permission"}, {"fields": {"codename": "change_achievement", "content_type": 19, "name": "Can change achievement"}, "pk": 56, "model": "auth.permission"}, {"fields": {"codename": "delete_achievement", "content_type": 19, "name": "Can delete achievement"}, "pk": 57, "model": "auth.permission"}, {"fields": {"codename": "add_userprofile", "content_type": 20, "name": "Can add user profile"}, "pk": 58, "model": "auth.permission"}, {"fields": {"codename": "change_userprofile", "content_type": 20, "name": "Can change user profile"}, "pk": 59, "model": "auth.permission"}, {"fields": {"codename": "delete_userprofile", "content_type": 20, "name": "Can delete user profile"}, "pk": 60, "model": "auth.permission"}, {"fields": {"codename": "add_achievementssettings", "content_type": 21, "name": "Can add achievements settings"}, "pk": 61, "model": "auth.permission"}, {"fields": {"codename": "change_achievementssettings", "content_type": 21, "name": "Can change achievements settings"}, "pk": 62, "model": "auth.permission"}, {"fields": {"codename": "delete_achievementssettings", "content_type": 21, "name": "Can delete achievements settings"}, "pk": 63, "model": "auth.permission"}, {"fields": {"user_permissions": [], "is_superuser": true, "email": "kavalioustanislau@gmail.com", "is_active": true, "first_name": "", "groups": [], "username": "stanislau", "last_login": "2015-09-17T08:06:24.614Z", "password": "pbkdf2_sha256$20000$qEeGzMpCo5cn$CZjnAVA9vekC9EzZqTv2n7/R6i9E2MTyeQQL8xSWx/Y=", "last_name": "", "is_staff": true, "date_joined": "2015-09-07T13:19:43.953Z"}, "pk": 1, "model": "auth.user"}, {"fields": {"user_permissions": [], "is_superuser": false, "email": "stas@mailinator.com", "is_active": true, "first_name": "", "groups": [], "username": "stas", "last_login": "2015-09-17T06:07:53.159Z", "password": "pbkdf2_sha256$20000$Ltv1qaINpOXT$KEE9QuuLy4aHH5q+I0y9QJSp2c/9H4ratJzhTwje+5c=", "last_name": "", "is_staff": false, "date_joined": "2015-09-07T13:21:16.692Z"}, "pk": 2, "model": "auth.user"}, {"fields": {"user_permissions": [], "is_superuser": false, "email": "", "is_active": true, "first_name": "Stas", "groups": [], "username": "kavaliou_stas", "last_login": "2015-09-16T11:47:54.167Z", "password": "!pQRm8DrOtwiY5KG1i8sE0wYp3QDHg9r1ljDLt3IJ", "last_name": "Kavaliou", "is_staff": false, "date_joined": "2015-09-07T13:22:04.459Z"}, "pk": 3, "model": "auth.user"}, {"fields": {"user_permissions": [], "is_superuser": false, "email": "", "is_active": true, "first_name": "\u0421\u0442\u0430\u043d\u0438\u0441\u043b\u0430\u0432", "groups": [], "username": "\u0421\u0442\u0430\u043d\u0438\u0441\u043b\u0430\u0432\u041a\u043e\u0432\u0430\u043b\u0435\u0432", "last_login": "2015-09-14T17:10:47.111Z", "password": "!Y7UfwUAaMTrRtIRV3YVDRuguIuEY1O5TFeWtawZ1", "last_name": "\u041a\u043e\u0432\u0430\u043b\u0435\u0432", "is_staff": false, "date_joined": "2015-09-07T13:22:11.006Z"}, "pk": 4, "model": "auth.user"}, {"fields": {"user_permissions": [], "is_superuser": false, "email": "", "is_active": true, "first_name": "", "groups": [], "username": "kavaliou", "last_login": "2015-09-16T12:33:07.800Z", "password": "!329r2GDovEmf3UpxJo5tobW5A891RQhhq4N6r4uq", "last_name": "", "is_staff": false, "date_joined": "2015-09-07T13:22:20.223Z"}, "pk": 5, "model": "auth.user"}, {"fields": {"user_permissions": [], "is_superuser": false, "email": "", "is_active": true, "first_name": "\u0421\u0442\u0430\u043d\u0438\u0441\u043b\u0430\u0432", "groups": [], "username": "id134301728", "last_login": "2015-09-17T06:00:28.365Z", "password": "!23oj0d1eOhK54CPicE2QnrbNcWzvOOs7XW7JHAVA", "last_name": "\u041a\u043e\u0432\u0430\u043b\u0451\u0432", "is_staff": false, "date_joined": "2015-09-07T13:22:27.645Z"}, "pk": 6, "model": "auth.user"}, {"fields": {"user": 2, "activation_key": "ALREADY_ACTIVATED"}, "pk": 1, "model": "registration.registrationprofile"}, {"fields": {"uid": "3429503085", "extra_data": "{\"access_token\": {\"x_auth_expires\": \"0\", \"user_id\": \"3429503085\", \"oauth_token_secret\": \"mvaa3UjnXsnn9XfOb43LQllPiN5pRK6dikwC3IZMRv0PJ\", \"oauth_token\": \"3429503085-0G0AeRV65aSXRia5KLiuIDjo9ayx3zdQ2dLiHzX\", \"screen_name\": \"kavaliou_stas\"}, \"id\": 3429503085}", "user": 3, "provider": "twitter"}, "pk": 1, "model": "default.usersocialauth"}, {"fields": {"uid": "114138035602172", "extra_data": "{\"expires\": null, \"id\": \"114138035602172\", \"access_token\": \"CAAUtlDPP5RoBAH3hoZBRV6lQ2WtOxboBR3CRZCfRzX6l576wq5mBrS0DkdJGAg5WpVwb9BpuYq2cZB0XjxLe7njcoAZBj8aPhtVeF42DcBIRFtQVHp2fexgtT59IeFSr7ZBcOt7jbjEYufQgUZCcHnxKRQIG1DA3EjPjD18DWyweEaPVdZA8Qx0VCqAAlZBlaoEp2zv5vyOfsQZDZD\"}", "user": 4, "provider": "facebook"}, "pk": 2, "model": "default.usersocialauth"}, {"fields": {"uid": "12279017", "extra_data": "{\"access_token\": \"16f545312c950bd1f48edca1c5f8d03d21ec0326\", \"login\": \"kavaliou\", \"id\": 12279017, \"expires\": null}", "user": 5, "provider": "github"}, "pk": 3, "model": "default.usersocialauth"}, {"fields": {"uid": "134301728", "extra_data": "{\"expires\": 86398, \"id\": null, \"access_token\": \"199fe5a5676ad83e0b8586f4120dc29bc7ce292b029a23da37e9e682617541e5e0721506c16dcb1e88ad5\"}", "user": 6, "provider": "vk-oauth2"}, "pk": 4, "model": "default.usersocialauth"}, {"fields": {"area": 1, "condition": "\u041a\u0442\u043e \u044d\u0442\u043e?", "level": 3, "user": 4, "creation_date": "2015-09-07T19:46:09.148Z", "tags": [22], "task_name": "First"}, "pk": 5, "model": "task.task"}, {"fields": {"area": 3, "condition": "[\u0424\u0443\u0442\u0431\u043e\u043b](http://soccer.ru \"\u0444\u0443\u0442\u0431\u043e\u043b\")", "level": 2, "user": 2, "creation_date": "2015-09-07T19:51:34.332Z", "tags": [3, 5], "task_name": "My Task"}, "pk": 6, "model": "task.task"}, {"fields": {"area": 2, "condition": "![](http://www.soccer.ru/sites/default/files/styles/main_article/public/untitled-1_0.jpg?itok=2pG2T7gN \"\u041d\u043e\u0439\u0435\u0440\")\r\n\r\n**\u041a\u0442\u043e \u042d\u0442\u043e?**", "level": 1, "user": 6, "creation_date": "2015-09-08T10:11:21.726Z", "tags": [18, 19, 20, 24], "task_name": "deutsch"}, "pk": 7, "model": "task.task"}, {"fields": {"area": 3, "condition": "Write 'Python'", "level": 1, "user": 6, "creation_date": "2015-09-08T10:53:09.036Z", "tags": [5], "task_name": "EASY"}, "pk": 8, "model": "task.task"}, {"fields": {"area": 3, "condition": "**q**", "level": 3, "user": 2, "creation_date": "2015-09-09T04:21:52.205Z", "tags": [18, 19, 20], "task_name": "Name"}, "pk": 11, "model": "task.task"}, {"fields": {"area": 2, "condition": "4**5**", "level": 1, "user": 1, "creation_date": "2015-09-10T07:47:09.869Z", "tags": [25], "task_name": "MyTaska"}, "pk": 12, "model": "task.task"}, {"fields": {"area": 2, "condition": "**\u0427\u0442\u043e \u0431\u0443\u0434\u0435\u0442 \u0432 \u043a\u043e\u043d\u0441\u043e\u043b\u0438?**\n\n\tvar i = 1;\n\ti++;\n\ti++;\n\tConsole.WriteLine(i);", "level": 3, "user": 1, "creation_date": "2015-09-10T18:49:39.574Z", "tags": [14, 15], "task_name": "\u0415\u0449\u0451 \u0442\u0430\u0441\u043a\u0430(=+=)"}, "pk": 20, "model": "task.task"}, {"fields": {"area": 1, "condition": "\n![](http://res.cloudinary.com/dmt04dtgy/image/upload/v1442164522/q8xdg4o4lbfjvzkj2gt3.png \"\")\n![](http://res.cloudinary.com/dmt04dtgy/image/upload/v1442164572/fvz1tqm73rym5hhf1ntp.png \"\")\nasdsssdssdsdsdsdsd", "level": 1, "user": 2, "creation_date": "2015-09-13T16:17:24.517Z", "tags": [21], "task_name": "qw"}, "pk": 49, "model": "task.task"}, {"fields": {"area": 1, "condition": "Ramsey\n\n\n![](http://res.cloudinary.com/dmt04dtgy/image/upload/v1442211062/dct1klaohtiz8n5eqzjb.png \"\")", "level": 1, "user": 2, "creation_date": "2015-09-14T05:11:34.218Z", "tags": [23], "task_name": "Ramsey"}, "pk": 50, "model": "task.task"}, {"fields": {"is_solved": true, "task": 7, "solving_time": "2015-09-12T16:04:07.138Z", "user": 1, "level": 1}, "pk": 36, "model": "task.solving"}, {"fields": {"is_solved": true, "task": 8, "solving_time": "2015-09-12T16:04:30.466Z", "user": 1, "level": 1}, "pk": 37, "model": "task.solving"}, {"fields": {"is_solved": true, "task": 5, "solving_time": "2015-09-12T16:09:32.353Z", "user": 1, "level": 3}, "pk": 38, "model": "task.solving"}, {"fields": {"is_solved": true, "task": 6, "solving_time": "2015-09-12T16:09:39.380Z", "user": 1, "level": 2}, "pk": 39, "model": "task.solving"}, {"fields": {"is_solved": true, "task": null, "solving_time": "2015-09-12T16:09:49.504Z", "user": 1, "level": 1}, "pk": 40, "model": "task.solving"}, {"fields": {"is_solved": true, "task": null, "solving_time": "2015-09-13T15:03:04.424Z", "user": 2, "level": 1}, "pk": 41, "model": "task.solving"}, {"fields": {"is_solved": true, "task": 5, "solving_time": "2015-09-13T17:52:42.124Z", "user": 2, "level": 3}, "pk": 42, "model": "task.solving"}, {"fields": {"is_solved": true, "task": 7, "solving_time": "2015-09-13T17:52:54.456Z", "user": 2, "level": 1}, "pk": 43, "model": "task.solving"}, {"fields": {"is_solved": false, "task": 7, "solving_time": "2015-09-13T17:56:53.218Z", "user": 4, "level": 1}, "pk": 44, "model": "task.solving"}, {"fields": {"is_solved": true, "task": 7, "solving_time": "2015-09-13T17:56:58.572Z", "user": 4, "level": 1}, "pk": 45, "model": "task.solving"}, {"fields": {"is_solved": false, "task": 12, "solving_time": "2015-09-14T12:22:48.803Z", "user": 2, "level": 1}, "pk": 46, "model": "task.solving"}, {"fields": {"is_solved": true, "task": 12, "solving_time": "2015-09-14T12:22:51.127Z", "user": 2, "level": 1}, "pk": 47, "model": "task.solving"}, {"fields": {"is_solved": false, "task": 5, "solving_time": "2015-09-14T13:24:03.830Z", "user": 3, "level": 3}, "pk": 48, "model": "task.solving"}, {"fields": {"is_solved": false, "task": 5, "solving_time": "2015-09-14T13:24:08.583Z", "user": 3, "level": 3}, "pk": 49, "model": "task.solving"}, {"fields": {"is_solved": true, "task": 5, "solving_time": "2015-09-14T13:24:22.206Z", "user": 3, "level": 3}, "pk": 50, "model": "task.solving"}, {"fields": {"is_solved": false, "task": 20, "solving_time": "2015-09-14T13:30:10.973Z", "user": 3, "level": 3}, "pk": 51, "model": "task.solving"}, {"fields": {"is_solved": true, "task": 20, "solving_time": "2015-09-14T13:30:14.996Z", "user": 3, "level": 3}, "pk": 52, "model": "task.solving"}, {"fields": {"is_solved": false, "task": 20, "solving_time": "2015-09-14T13:30:43.833Z", "user": 2, "level": 3}, "pk": 53, "model": "task.solving"}, {"fields": {"is_solved": false, "task": 20, "solving_time": "2015-09-14T13:30:47.619Z", "user": 2, "level": 3}, "pk": 54, "model": "task.solving"}, {"fields": {"is_solved": true, "task": 20, "solving_time": "2015-09-14T13:30:50.755Z", "user": 2, "level": 3}, "pk": 55, "model": "task.solving"}, {"fields": {"is_solved": false, "task": 49, "solving_time": "2015-09-14T13:41:03.506Z", "user": 1, "level": 1}, "pk": 56, "model": "task.solving"}, {"fields": {"is_solved": false, "task": 49, "solving_time": "2015-09-14T13:41:12.546Z", "user": 1, "level": 1}, "pk": 57, "model": "task.solving"}, {"fields": {"is_solved": false, "task": 49, "solving_time": "2015-09-14T13:41:19.192Z", "user": 1, "level": 1}, "pk": 58, "model": "task.solving"}, {"fields": {"is_solved": true, "task": null, "solving_time": "2015-09-14T17:11:06.168Z", "user": 4, "level": 1}, "pk": 59, "model": "task.solving"}, {"fields": {"is_solved": false, "task": 49, "solving_time": "2015-09-14T17:39:58.495Z", "user": 1, "level": 1}, "pk": 60, "model": "task.solving"}, {"fields": {"is_solved": false, "task": 49, "solving_time": "2015-09-14T17:40:25.850Z", "user": 1, "level": 1}, "pk": 61, "model": "task.solving"}, {"fields": {"is_solved": false, "task": 49, "solving_time": "2015-09-14T17:40:43.034Z", "user": 1, "level": 1}, "pk": 62, "model": "task.solving"}, {"fields": {"is_solved": false, "task": 11, "solving_time": "2015-09-15T19:01:30.602Z", "user": 1, "level": 3}, "pk": 63, "model": "task.solving"}, {"fields": {"is_solved": true, "task": 11, "solving_time": "2015-09-15T19:01:33.545Z", "user": 1, "level": 3}, "pk": 64, "model": "task.solving"}, {"fields": {"is_solved": true, "task": null, "solving_time": "2015-09-15T19:56:25.422Z", "user": 2, "level": 3}, "pk": 65, "model": "task.solving"}, {"fields": {"is_solved": false, "task": null, "solving_time": "2015-09-16T04:53:40.545Z", "user": 2, "level": 2}, "pk": 66, "model": "task.solving"}, {"fields": {"is_solved": false, "task": null, "solving_time": "2015-09-16T04:53:45.849Z", "user": 2, "level": 2}, "pk": 67, "model": "task.solving"}, {"fields": {"is_solved": false, "task": null, "solving_time": "2015-09-16T04:53:49.118Z", "user": 2, "level": 2}, "pk": 68, "model": "task.solving"}, {"fields": {"is_solved": true, "task": null, "solving_time": "2015-09-16T04:53:52.689Z", "user": 2, "level": 2}, "pk": 69, "model": "task.solving"}, {"fields": {"is_solved": true, "task": null, "solving_time": "2015-09-16T11:46:42.336Z", "user": 3, "level": 1}, "pk": 70, "model": "task.solving"}, {"fields": {"is_solved": false, "task": null, "solving_time": "2015-09-16T11:48:03.252Z", "user": 3, "level": 2}, "pk": 71, "model": "task.solving"}, {"fields": {"is_solved": false, "task": null, "solving_time": "2015-09-16T11:48:06.183Z", "user": 3, "level": 2}, "pk": 72, "model": "task.solving"}, {"fields": {"is_solved": true, "task": null, "solving_time": "2015-09-16T11:48:07.860Z", "user": 3, "level": 2}, "pk": 73, "model": "task.solving"}, {"fields": {"is_solved": false, "task": 5, "solving_time": "2015-09-17T06:00:35.187Z", "user": 6, "level": 3}, "pk": 74, "model": "task.solving"}, {"fields": {"is_solved": false, "task": 5, "solving_time": "2015-09-17T06:00:42.216Z", "user": 6, "level": 3}, "pk": 75, "model": "task.solving"}, {"fields": {"is_solved": true, "task": 5, "solving_time": "2015-09-17T06:00:49.822Z", "user": 6, "level": 3}, "pk": 76, "model": "task.solving"}, {"fields": {"task": 5, "user": 2, "mark": 5}, "pk": 14, "model": "task.rating"}, {"fields": {"task": 7, "user": 2, "mark": 4}, "pk": 15, "model": "task.rating"}, {"fields": {"task": 7, "user": 1, "mark": 5}, "pk": 16, "model": "task.rating"}, {"fields": {"task": 5, "user": 1, "mark": 4}, "pk": 17, "model": "task.rating"}, {"fields": {"task": 7, "user": 4, "mark": 4}, "pk": 18, "model": "task.rating"}, {"fields": {"task": 12, "user": 2, "mark": 4}, "pk": 19, "model": "task.rating"}, {"fields": {"task": 5, "user": 3, "mark": 4}, "pk": 20, "model": "task.rating"}, {"fields": {"task": 20, "user": 3, "mark": 4}, "pk": 21, "model": "task.rating"}, {"fields": {"task": 20, "user": 2, "mark": 2}, "pk": 22, "model": "task.rating"}, {"fields": {"task": 8, "user": 1, "mark": 4}, "pk": 23, "model": "task.rating"}, {"fields": {"task": 11, "user": 1, "mark": 5}, "pk": 30, "model": "task.rating"}, {"fields": {"task": 5, "user": 6, "mark": 4}, "pk": 33, "model": "task.rating"}, {"fields": {"creation_time": "2015-09-12T16:06:36.264Z", "task": 8, "user": 1, "text": "1"}, "pk": 39, "model": "comments.comment"}, {"fields": {"creation_time": "2015-09-12T16:06:37.948Z", "task": 8, "user": 1, "text": "1"}, "pk": 40, "model": "comments.comment"}, {"fields": {"creation_time": "2015-09-12T16:09:02.905Z", "task": 8, "user": 1, "text": "2"}, "pk": 45, "model": "comments.comment"}, {"fields": {"creation_time": "2015-09-12T16:09:04.143Z", "task": 8, "user": 1, "text": "3"}, "pk": 46, "model": "comments.comment"}, {"fields": {"creation_time": "2015-09-12T16:09:06.235Z", "task": 8, "user": 1, "text": "4"}, "pk": 47, "model": "comments.comment"}, {"fields": {"creation_time": "2015-09-12T16:09:14.490Z", "task": 8, "user": 1, "text": ""}, "pk": 48, "model": "comments.comment"}, {"fields": {"creation_time": "2015-09-13T10:41:58.385Z", "task": 8, "user": 1, "text": "qqqqqqqqqqqqqqqqqqqqqqq"}, "pk": 49, "model": "comments.comment"}, {"fields": {"creation_time": "2015-09-13T18:03:27.508Z", "task": 20, "user": 4, "text": "\u044f \u043d\u0435 \u0437\u043d\u0430\u044e"}, "pk": 50, "model": "comments.comment"}, {"fields": {"creation_time": "2015-09-13T18:03:39.505Z", "task": 20, "user": 4, "text": "\u043a\u0430\u043a \u0440\u0435\u0448\u0438\u0442\u044c?"}, "pk": 51, "model": "comments.comment"}, {"fields": {"creation_time": "2015-09-14T19:01:58.268Z", "task": 5, "user": 1, "text": "qwe\n"}, "pk": 65, "model": "comments.comment"}, {"fields": {"creation_time": "2015-09-14T19:03:07.355Z", "task": 5, "user": 2, "text": "a"}, "pk": 66, "model": "comments.comment"}, {"fields": {"creation_time": "2015-09-14T19:06:33.851Z", "task": 5, "user": 5, "text": "e"}, "pk": 67, "model": "comments.comment"}, {"fields": {"creation_time": "2015-09-14T19:11:18.643Z", "task": 5, "user": 1, "text": "q"}, "pk": 68, "model": "comments.comment"}, {"fields": {"creation_time": "2015-09-14T19:12:32.683Z", "task": 5, "user": 5, "text": "z"}, "pk": 69, "model": "comments.comment"}, {"fields": {"creation_time": "2015-09-14T19:12:51.004Z", "task": 5, "user": 5, "text": "sd"}, "pk": 70, "model": "comments.comment"}, {"fields": {"creation_time": "2015-09-16T04:45:20.544Z", "task": 5, "user": 1, "text": "a"}, "pk": 71, "model": "comments.comment"}, {"fields": {"pictureUrl": "http://res.cloudinary.com/dmt04dtgy/image/upload/v1442341815/c89nmp6i6nxm2gigco9a.png", "locale": 0}, "pk": 1, "model": "user_account.userprofile"}, {"fields": {"pictureUrl": "http://res.cloudinary.com/dmt04dtgy/image/upload/v1442316614/zn3mkopwd1jvg8lsl10n.png", "locale": 1}, "pk": 2, "model": "user_account.userprofile"}, {"fields": {"pictureUrl": null, "locale": 0}, "pk": 3, "model": "user_account.userprofile"}, {"fields": {"pictureUrl": "http://res.cloudinary.com/dmt04dtgy/image/upload/v1442170493/y3vnbqpb7iiesjd2uqra.png", "locale": 1}, "pk": 4, "model": "user_account.userprofile"}, {"fields": {"pictureUrl": "http://res.cloudinary.com/dmt04dtgy/image/upload/v1442261552/enbtubrczip0bgctjkhu.png", "locale": 1}, "pk": 5, "model": "user_account.userprofile"}, {"fields": {"pictureUrl": null, "locale": 0}, "pk": 6, "model": "user_account.userprofile"}, {"fields": {"action_time": "2015-09-07T13:24:05.667Z", "content_type": 12, "object_id": "1", "user": 1, "object_repr": "FuckJava", "action_flag": 1, "change_message": ""}, "pk": 2, "model": "admin.logentry"}, {"fields": {"action_time": "2015-09-07T13:24:09.178Z", "content_type": 14, "object_id": "1", "user": 1, "object_repr": "First", "action_flag": 1, "change_message": ""}, "pk": 3, "model": "admin.logentry"}, {"fields": {"action_time": "2015-09-07T13:24:37.126Z", "content_type": 15, "object_id": "1", "user": 1, "object_repr": "Array", "action_flag": 1, "change_message": ""}, "pk": 4, "model": "admin.logentry"}, {"fields": {"action_time": "2015-09-07T13:24:45.445Z", "content_type": 15, "object_id": "2", "user": 1, "object_repr": "List", "action_flag": 1, "change_message": ""}, "pk": 5, "model": "admin.logentry"}, {"fields": {"action_time": "2015-09-07T17:34:02.369Z", "content_type": 15, "object_id": "2", "user": 1, "object_repr": "List", "action_flag": 3, "change_message": ""}, "pk": 6, "model": "admin.logentry"}, {"fields": {"action_time": "2015-09-07T17:34:02.399Z", "content_type": 15, "object_id": "1", "user": 1, "object_repr": "Array", "action_flag": 3, "change_message": ""}, "pk": 7, "model": "admin.logentry"}, {"fields": {"action_time": "2015-09-07T17:34:19.129Z", "content_type": 12, "object_id": "1", "user": 1, "object_repr": "FuckJava", "action_flag": 3, "change_message": ""}, "pk": 9, "model": "admin.logentry"}, {"fields": {"action_time": "2015-09-07T17:47:38.133Z", "content_type": 12, "object_id": "2", "user": 1, "object_repr": "as", "action_flag": 1, "change_message": ""}, "pk": 10, "model": "admin.logentry"}, {"fields": {"action_time": "2015-09-07T17:47:40.771Z", "content_type": 14, "object_id": "2", "user": 1, "object_repr": "asd", "action_flag": 1, "change_message": ""}, "pk": 11, "model": "admin.logentry"}, {"fields": {"action_time": "2015-09-08T06:34:26.531Z", "content_type": 14, "object_id": "5", "user": 1, "object_repr": "First", "action_flag": 2, "change_message": "\u0418\u0437\u043c\u0435\u043d\u0435\u043d tags."}, "pk": 12, "model": "admin.logentry"}, {"fields": {"action_time": "2015-09-08T06:35:10.784Z", "content_type": 12, "object_id": "3", "user": 1, "object_repr": "pythonYeah", "action_flag": 1, "change_message": ""}, "pk": 13, "model": "admin.logentry"}, {"fields": {"action_time": "2015-09-08T06:35:16.847Z", "content_type": 14, "object_id": "6", "user": 1, "object_repr": "My Task", "action_flag": 2, "change_message": "\u0418\u0437\u043c\u0435\u043d\u0435\u043d tags."}, "pk": 14, "model": "admin.logentry"}, {"fields": {"action_time": "2015-09-08T06:35:41.444Z", "content_type": 15, "object_id": "5", "user": 1, "object_repr": "qwerty", "action_flag": 1, "change_message": ""}, "pk": 15, "model": "admin.logentry"}, {"fields": {"action_time": "2015-09-08T08:50:20.596Z", "content_type": 15, "object_id": "6", "user": 1, "object_repr": "qwert", "action_flag": 1, "change_message": ""}, "pk": 16, "model": "admin.logentry"}, {"fields": {"action_time": "2015-09-08T10:54:37.081Z", "content_type": 14, "object_id": "9", "user": 1, "object_repr": "EASY", "action_flag": 3, "change_message": ""}, "pk": 17, "model": "admin.logentry"}, {"fields": {"action_time": "2015-09-08T13:24:56.909Z", "content_type": 17, "object_id": "1", "user": 1, "object_repr": "Easy", "action_flag": 1, "change_message": ""}, "pk": 18, "model": "admin.logentry"}, {"fields": {"action_time": "2015-09-08T13:25:05.601Z", "content_type": 17, "object_id": "2", "user": 1, "object_repr": "Hard", "action_flag": 1, "change_message": ""}, "pk": 19, "model": "admin.logentry"}, {"fields": {"action_time": "2015-09-08T14:48:09.603Z", "content_type": 17, "object_id": "4", "user": 1, "object_repr": "WHo is author?", "action_flag": 3, "change_message": ""}, "pk": 20, "model": "admin.logentry"}, {"fields": {"action_time": "2015-09-08T14:48:09.606Z", "content_type": 17, "object_id": "5", "user": 1, "object_repr": "who?", "action_flag": 3, "change_message": ""}, "pk": 21, "model": "admin.logentry"}, {"fields": {"action_time": "2015-09-08T14:48:09.607Z", "content_type": 17, "object_id": "6", "user": 1, "object_repr": "?", "action_flag": 3, "change_message": ""}, "pk": 22, "model": "admin.logentry"}, {"fields": {"action_time": "2015-09-08T14:56:35.642Z", "content_type": 17, "object_id": "7", "user": 1, "object_repr": "s", "action_flag": 3, "change_message": ""}, "pk": 23, "model": "admin.logentry"}, {"fields": {"action_time": "2015-09-08T14:56:35.645Z", "content_type": 17, "object_id": "8", "user": 1, "object_repr": "w", "action_flag": 3, "change_message": ""}, "pk": 24, "model": "admin.logentry"}, {"fields": {"action_time": "2015-09-08T14:56:35.647Z", "content_type": 17, "object_id": "9", "user": 1, "object_repr": "sad", "action_flag": 3, "change_message": ""}, "pk": 25, "model": "admin.logentry"}, {"fields": {"action_time": "2015-09-08T14:56:35.648Z", "content_type": 17, "object_id": "10", "user": 1, "object_repr": "asdasd", "action_flag": 3, "change_message": ""}, "pk": 26, "model": "admin.logentry"}, {"fields": {"action_time": "2015-09-08T14:56:35.649Z", "content_type": 17, "object_id": "11", "user": 1, "object_repr": "saas", "action_flag": 3, "change_message": ""}, "pk": 27, "model": "admin.logentry"}, {"fields": {"action_time": "2015-09-08T15:01:50.407Z", "content_type": 17, "object_id": "3", "user": 1, "object_repr": "qwe", "action_flag": 3, "change_message": ""}, "pk": 28, "model": "admin.logentry"}, {"fields": {"action_time": "2015-09-08T15:01:50.410Z", "content_type": 17, "object_id": "12", "user": 1, "object_repr": "as", "action_flag": 3, "change_message": ""}, "pk": 29, "model": "admin.logentry"}, {"fields": {"action_time": "2015-09-08T15:01:50.411Z", "content_type": 17, "object_id": "13", "user": 1, "object_repr": "sd", "action_flag": 3, "change_message": ""}, "pk": 30, "model": "admin.logentry"}, {"fields": {"action_time": "2015-09-08T15:01:50.412Z", "content_type": 17, "object_id": "14", "user": 1, "object_repr": "d", "action_flag": 3, "change_message": ""}, "pk": 31, "model": "admin.logentry"}, {"fields": {"action_time": "2015-09-08T18:19:37.969Z", "content_type": 14, "object_id": "2", "user": 1, "object_repr": "asd", "action_flag": 3, "change_message": ""}, "pk": 32, "model": "admin.logentry"}, {"fields": {"action_time": "2015-09-09T04:18:32.448Z", "content_type": 16, "object_id": "4", "user": 1, "object_repr": "id134301728 solved task \"My Task\"", "action_flag": 2, "change_message": "\u0418\u0437\u043c\u0435\u043d\u0435\u043d level."}, "pk": 33, "model": "admin.logentry"}, {"fields": {"action_time": "2015-09-09T04:18:37.233Z", "content_type": 16, "object_id": "6", "user": 1, "object_repr": "stas solved task \"My Task\"", "action_flag": 2, "change_message": "\u0418\u0437\u043c\u0435\u043d\u0435\u043d level."}, "pk": 34, "model": "admin.logentry"}, {"fields": {"action_time": "2015-09-09T05:34:02.058Z", "content_type": 18, "object_id": "1", "user": 1, "object_repr": "stanislau put mark 4 for task Name", "action_flag": 1, "change_message": ""}, "pk": 35, "model": "admin.logentry"}, {"fields": {"action_time": "2015-09-10T16:17:17.667Z", "content_type": 14, "object_id": "18", "user": 1, "object_repr": " ", "action_flag": 3, "change_message": ""}, "pk": 36, "model": "admin.logentry"}, {"fields": {"action_time": "2015-09-10T16:18:20.487Z", "content_type": 14, "object_id": "19", "user": 1, "object_repr": " ", "action_flag": 3, "change_message": ""}, "pk": 37, "model": "admin.logentry"}, {"fields": {"action_time": "2015-09-10T16:18:37.512Z", "content_type": 12, "object_id": "13", "user": 1, "object_repr": " ", "action_flag": 3, "change_message": ""}, "pk": 38, "model": "admin.logentry"}, {"fields": {"action_time": "2015-09-11T17:11:16.908Z", "content_type": 19, "object_id": "1", "user": 1, "object_repr": "Creator1", "action_flag": 1, "change_message": ""}, "pk": 39, "model": "admin.logentry"}, {"fields": {"action_time": "2015-09-11T17:11:39.537Z", "content_type": 19, "object_id": "2", "user": 1, "object_repr": "Creator2", "action_flag": 1, "change_message": ""}, "pk": 40, "model": "admin.logentry"}, {"fields": {"action_time": "2015-09-11T17:12:43.488Z", "content_type": 19, "object_id": "3", "user": 1, "object_repr": "Solver1", "action_flag": 1, "change_message": ""}, "pk": 41, "model": "admin.logentry"}, {"fields": {"action_time": "2015-09-11T17:13:06.923Z", "content_type": 19, "object_id": "4", "user": 1, "object_repr": "Solver2", "action_flag": 1, "change_message": ""}, "pk": 42, "model": "admin.logentry"}, {"fields": {"action_time": "2015-09-11T17:13:51.331Z", "content_type": 19, "object_id": "5", "user": 1, "object_repr": "Commentator1", "action_flag": 1, "change_message": ""}, "pk": 43, "model": "admin.logentry"}, {"fields": {"action_time": "2015-09-11T17:14:13.737Z", "content_type": 19, "object_id": "6", "user": 1, "object_repr": "Commentator2", "action_flag": 1, "change_message": ""}, "pk": 44, "model": "admin.logentry"}, {"fields": {"action_time": "2015-09-11T17:19:06.465Z", "content_type": 19, "object_id": "7", "user": 1, "object_repr": "First", "action_flag": 1, "change_message": ""}, "pk": 45, "model": "admin.logentry"}, {"fields": {"action_time": "2015-09-11T19:23:10.903Z", "content_type": 14, "object_id": "14", "user": 1, "object_repr": "123", "action_flag": 3, "change_message": ""}, "pk": 46, "model": "admin.logentry"}, {"fields": {"action_time": "2015-09-11T19:23:10.911Z", "content_type": 14, "object_id": "15", "user": 1, "object_repr": "1234", "action_flag": 3, "change_message": ""}, "pk": 47, "model": "admin.logentry"}, {"fields": {"action_time": "2015-09-11T19:23:10.913Z", "content_type": 14, "object_id": "16", "user": 1, "object_repr": "5", "action_flag": 3, "change_message": ""}, "pk": 48, "model": "admin.logentry"}, {"fields": {"action_time": "2015-09-11T19:24:22.014Z", "content_type": 14, "object_id": "21", "user": 1, "object_repr": "q", "action_flag": 3, "change_message": ""}, "pk": 49, "model": "admin.logentry"}, {"fields": {"action_time": "2015-09-11T19:24:22.016Z", "content_type": 14, "object_id": "22", "user": 1, "object_repr": "w`", "action_flag": 3, "change_message": ""}, "pk": 50, "model": "admin.logentry"}, {"fields": {"action_time": "2015-09-12T04:52:01.371Z", "content_type": 14, "object_id": "23", "user": 1, "object_repr": "q", "action_flag": 3, "change_message": ""}, "pk": 51, "model": "admin.logentry"}, {"fields": {"action_time": "2015-09-12T04:52:46.333Z", "content_type": 21, "object_id": "3", "user": 1, "object_repr": "stanislau has 1 \u0421\u043e\u0437\u0434\u0430\u0442\u0435\u043b\u044c 1 \u0443\u0440\u043e\u0432\u043d\u044f", "action_flag": 3, "change_message": ""}, "pk": 52, "model": "admin.logentry"}, {"fields": {"action_time": "2015-09-12T04:52:52.043Z", "content_type": 21, "object_id": "2", "user": 1, "object_repr": "stanislau has 1 \u0421\u043e\u0437\u0434\u0430\u0442\u0435\u043b\u044c 1 \u0443\u0440\u043e\u0432\u043d\u044f", "action_flag": 3, "change_message": ""}, "pk": 53, "model": "admin.logentry"}, {"fields": {"action_time": "2015-09-12T04:53:13.287Z", "content_type": 14, "object_id": "24", "user": 1, "object_repr": "q", "action_flag": 3, "change_message": ""}, "pk": 54, "model": "admin.logentry"}, {"fields": {"action_time": "2015-09-12T04:55:50.691Z", "content_type": 14, "object_id": "25", "user": 1, "object_repr": "w", "action_flag": 3, "change_message": ""}, "pk": 55, "model": "admin.logentry"}, {"fields": {"action_time": "2015-09-12T05:00:28.829Z", "content_type": 21, "object_id": "4", "user": 1, "object_repr": "stanislau has 1 \u0421\u043e\u0437\u0434\u0430\u0442\u0435\u043b\u044c 1 \u0443\u0440\u043e\u0432\u043d\u044f", "action_flag": 3, "change_message": ""}, "pk": 56, "model": "admin.logentry"}, {"fields": {"action_time": "2015-09-12T05:00:34.765Z", "content_type": 14, "object_id": "26", "user": 1, "object_repr": "q", "action_flag": 3, "change_message": ""}, "pk": 57, "model": "admin.logentry"}, {"fields": {"action_time": "2015-09-12T05:00:56.274Z", "content_type": 14, "object_id": "27", "user": 1, "object_repr": "w", "action_flag": 3, "change_message": ""}, "pk": 58, "model": "admin.logentry"}, {"fields": {"action_time": "2015-09-12T05:02:44.350Z", "content_type": 21, "object_id": "6", "user": 1, "object_repr": "stanislau has 1 \u0421\u043e\u0437\u0434\u0430\u0442\u0435\u043b\u044c 2 \u0443\u0440\u043e\u0432\u043d\u044f", "action_flag": 3, "change_message": ""}, "pk": 59, "model": "admin.logentry"}, {"fields": {"action_time": "2015-09-12T05:02:44.352Z", "content_type": 21, "object_id": "5", "user": 1, "object_repr": "stanislau has 1 \u0421\u043e\u0437\u0434\u0430\u0442\u0435\u043b\u044c 1 \u0443\u0440\u043e\u0432\u043d\u044f", "action_flag": 3, "change_message": ""}, "pk": 60, "model": "admin.logentry"}, {"fields": {"action_time": "2015-09-12T05:02:53.211Z", "content_type": 14, "object_id": "28", "user": 1, "object_repr": "q", "action_flag": 3, "change_message": ""}, "pk": 61, "model": "admin.logentry"}, {"fields": {"action_time": "2015-09-12T05:02:53.213Z", "content_type": 14, "object_id": "29", "user": 1, "object_repr": "qwe", "action_flag": 3, "change_message": ""}, "pk": 62, "model": "admin.logentry"}, {"fields": {"action_time": "2015-09-12T05:02:53.214Z", "content_type": 14, "object_id": "30", "user": 1, "object_repr": "qwe", "action_flag": 3, "change_message": ""}, "pk": 63, "model": "admin.logentry"}, {"fields": {"action_time": "2015-09-12T05:02:53.216Z", "content_type": 14, "object_id": "31", "user": 1, "object_repr": "qwe", "action_flag": 3, "change_message": ""}, "pk": 64, "model": "admin.logentry"}, {"fields": {"action_time": "2015-09-12T05:02:53.217Z", "content_type": 14, "object_id": "32", "user": 1, "object_repr": "qwe", "action_flag": 3, "change_message": ""}, "pk": 65, "model": "admin.logentry"}, {"fields": {"action_time": "2015-09-12T05:02:53.219Z", "content_type": 14, "object_id": "33", "user": 1, "object_repr": "qwe", "action_flag": 3, "change_message": ""}, "pk": 66, "model": "admin.logentry"}, {"fields": {"action_time": "2015-09-12T05:03:19.412Z", "content_type": 12, "object_id": "17", "user": 1, "object_repr": "qwe", "action_flag": 3, "change_message": ""}, "pk": 67, "model": "admin.logentry"}, {"fields": {"action_time": "2015-09-12T05:03:19.431Z", "content_type": 12, "object_id": "16", "user": 1, "object_repr": "w", "action_flag": 3, "change_message": ""}, "pk": 68, "model": "admin.logentry"}, {"fields": {"action_time": "2015-09-12T05:03:19.433Z", "content_type": 12, "object_id": "10", "user": 1, "object_repr": "q", "action_flag": 3, "change_message": ""}, "pk": 69, "model": "admin.logentry"}, {"fields": {"action_time": "2015-09-12T05:03:19.434Z", "content_type": 12, "object_id": "8", "user": 1, "object_repr": "5", "action_flag": 3, "change_message": ""}, "pk": 70, "model": "admin.logentry"}, {"fields": {"action_time": "2015-09-12T05:03:19.435Z", "content_type": 12, "object_id": "7", "user": 1, "object_repr": "1234", "action_flag": 3, "change_message": ""}, "pk": 71, "model": "admin.logentry"}, {"fields": {"action_time": "2015-09-12T05:03:19.437Z", "content_type": 12, "object_id": "6", "user": 1, "object_repr": "123", "action_flag": 3, "change_message": ""}, "pk": 72, "model": "admin.logentry"}, {"fields": {"action_time": "2015-09-12T05:03:19.439Z", "content_type": 12, "object_id": "4", "user": 1, "object_repr": "3", "action_flag": 3, "change_message": ""}, "pk": 73, "model": "admin.logentry"}, {"fields": {"action_time": "2015-09-12T05:03:19.440Z", "content_type": 12, "object_id": "2", "user": 1, "object_repr": "as", "action_flag": 3, "change_message": ""}, "pk": 74, "model": "admin.logentry"}, {"fields": {"action_time": "2015-09-12T05:03:38.392Z", "content_type": 14, "object_id": "34", "user": 1, "object_repr": "qwe", "action_flag": 3, "change_message": ""}, "pk": 75, "model": "admin.logentry"}, {"fields": {"action_time": "2015-09-12T15:31:40.608Z", "content_type": 16, "object_id": "1", "user": 1, "object_repr": "id134301728 did not solve task \"None\"", "action_flag": 3, "change_message": ""}, "pk": 76, "model": "admin.logentry"}, {"fields": {"action_time": "2015-09-12T15:31:40.615Z", "content_type": 16, "object_id": "2", "user": 1, "object_repr": "id134301728 solved task \"None\"", "action_flag": 3, "change_message": ""}, "pk": 77, "model": "admin.logentry"}, {"fields": {"action_time": "2015-09-12T15:31:40.616Z", "content_type": 16, "object_id": "3", "user": 1, "object_repr": "stas did not solve task \"deutsch\"", "action_flag": 3, "change_message": ""}, "pk": 78, "model": "admin.logentry"}, {"fields": {"action_time": "2015-09-12T15:31:40.617Z", "content_type": 16, "object_id": "4", "user": 1, "object_repr": "id134301728 solved task \"My Task\"", "action_flag": 3, "change_message": ""}, "pk": 79, "model": "admin.logentry"}, {"fields": {"action_time": "2015-09-12T15:31:40.619Z", "content_type": 16, "object_id": "5", "user": 1, "object_repr": "stas solved task \"deutsch\"", "action_flag": 3, "change_message": ""}, "pk": 80, "model": "admin.logentry"}, {"fields": {"action_time": "2015-09-12T15:31:40.620Z", "content_type": 16, "object_id": "6", "user": 1, "object_repr": "stas solved task \"My Task\"", "action_flag": 3, "change_message": ""}, "pk": 81, "model": "admin.logentry"}, {"fields": {"action_time": "2015-09-12T15:31:40.622Z", "content_type": 16, "object_id": "7", "user": 1, "object_repr": "\u0421\u0442\u0430\u043d\u0438\u0441\u043b\u0430\u0432\u041a\u043e\u0432\u0430\u043b\u0435\u0432 solved task \"2\"", "action_flag": 3, "change_message": ""}, "pk": 82, "model": "admin.logentry"}, {"fields": {"action_time": "2015-09-12T15:31:40.623Z", "content_type": 16, "object_id": "8", "user": 1, "object_repr": "\u0421\u0442\u0430\u043d\u0438\u0441\u043b\u0430\u0432\u041a\u043e\u0432\u0430\u043b\u0435\u0432 solved task \"None\"", "action_flag": 3, "change_message": ""}, "pk": 83, "model": "admin.logentry"}, {"fields": {"action_time": "2015-09-12T15:31:40.624Z", "content_type": 16, "object_id": "9", "user": 1, "object_repr": "stanislau solved task \"Name\"", "action_flag": 3, "change_message": ""}, "pk": 84, "model": "admin.logentry"}, {"fields": {"action_time": "2015-09-12T15:31:40.626Z", "content_type": 16, "object_id": "10", "user": 1, "object_repr": "stanislau solved task \"2\"", "action_flag": 3, "change_message": ""}, "pk": 85, "model": "admin.logentry"}, {"fields": {"action_time": "2015-09-12T15:31:40.627Z", "content_type": 16, "object_id": "11", "user": 1, "object_repr": "stanislau did not solve task \"deutsch\"", "action_flag": 3, "change_message": ""}, "pk": 86, "model": "admin.logentry"}, {"fields": {"action_time": "2015-09-12T15:31:40.628Z", "content_type": 16, "object_id": "12", "user": 1, "object_repr": "stanislau did not solve task \"deutsch\"", "action_flag": 3, "change_message": ""}, "pk": 87, "model": "admin.logentry"}, {"fields": {"action_time": "2015-09-12T15:31:40.630Z", "content_type": 16, "object_id": "13", "user": 1, "object_repr": "stanislau did not solve task \"deutsch\"", "action_flag": 3, "change_message": ""}, "pk": 88, "model": "admin.logentry"}, {"fields": {"action_time": "2015-09-12T15:31:40.631Z", "content_type": 16, "object_id": "14", "user": 1, "object_repr": "stanislau did not solve task \"deutsch\"", "action_flag": 3, "change_message": ""}, "pk": 89, "model": "admin.logentry"}, {"fields": {"action_time": "2015-09-12T15:31:40.632Z", "content_type": 16, "object_id": "15", "user": 1, "object_repr": "stanislau solved task \"deutsch\"", "action_flag": 3, "change_message": ""}, "pk": 90, "model": "admin.logentry"}, {"fields": {"action_time": "2015-09-12T15:31:40.633Z", "content_type": 16, "object_id": "16", "user": 1, "object_repr": "stas solved task \"PythonTask\"", "action_flag": 3, "change_message": ""}, "pk": 91, "model": "admin.logentry"}, {"fields": {"action_time": "2015-09-12T15:31:40.634Z", "content_type": 16, "object_id": "17", "user": 1, "object_repr": "stanislau solved task \"First\"", "action_flag": 3, "change_message": ""}, "pk": 92, "model": "admin.logentry"}, {"fields": {"action_time": "2015-09-12T15:31:40.635Z", "content_type": 16, "object_id": "18", "user": 1, "object_repr": "stas solved task \"\u0415\u0449\u0451 \u0442\u0430\u0441\u043a\u0430(=+=)\"", "action_flag": 3, "change_message": ""}, "pk": 93, "model": "admin.logentry"}, {"fields": {"action_time": "2015-09-12T15:31:40.637Z", "content_type": 16, "object_id": "19", "user": 1, "object_repr": "stas did not solve task \"None\"", "action_flag": 3, "change_message": ""}, "pk": 94, "model": "admin.logentry"}, {"fields": {"action_time": "2015-09-12T15:31:40.638Z", "content_type": 16, "object_id": "20", "user": 1, "object_repr": "stas did not solve task \"None\"", "action_flag": 3, "change_message": ""}, "pk": 95, "model": "admin.logentry"}, {"fields": {"action_time": "2015-09-12T15:31:40.639Z", "content_type": 16, "object_id": "21", "user": 1, "object_repr": "stas solved task \"None\"", "action_flag": 3, "change_message": ""}, "pk": 96, "model": "admin.logentry"}, {"fields": {"action_time": "2015-09-12T15:31:40.640Z", "content_type": 16, "object_id": "22", "user": 1, "object_repr": "stanislau solved task \"My Task\"", "action_flag": 3, "change_message": ""}, "pk": 97, "model": "admin.logentry"}, {"fields": {"action_time": "2015-09-12T15:31:40.641Z", "content_type": 16, "object_id": "23", "user": 1, "object_repr": "stas solved task \"1\"", "action_flag": 3, "change_message": ""}, "pk": 98, "model": "admin.logentry"}, {"fields": {"action_time": "2015-09-12T15:31:58.042Z", "content_type": 21, "object_id": "1", "user": 1, "object_repr": "stanislau has 1 \u0420\u0435\u0448\u0430\u0442\u0435\u043b\u044c 1  \u0443\u0440\u043e\u0432\u043d\u044f", "action_flag": 3, "change_message": ""}, "pk": 99, "model": "admin.logentry"}, {"fields": {"action_time": "2015-09-12T15:33:05.345Z", "content_type": 18, "object_id": "9", "user": 1, "object_repr": "stas put mark 1 for task 1", "action_flag": 3, "change_message": ""}, "pk": 100, "model": "admin.logentry"}, {"fields": {"action_time": "2015-09-12T15:33:05.348Z", "content_type": 18, "object_id": "8", "user": 1, "object_repr": "stanislau put mark 1 for task My Task", "action_flag": 3, "change_message": ""}, "pk": 101, "model": "admin.logentry"}, {"fields": {"action_time": "2015-09-12T15:33:05.360Z", "content_type": 18, "object_id": "7", "user": 1, "object_repr": "stanislau put mark 4 for task First", "action_flag": 3, "change_message": ""}, "pk": 102, "model": "admin.logentry"}, {"fields": {"action_time": "2015-09-12T15:33:05.362Z", "content_type": 18, "object_id": "5", "user": 1, "object_repr": "stas put mark 3 for task \u0415\u0449\u0451 \u0442\u0430\u0441\u043a\u0430(=+=)", "action_flag": 3, "change_message": ""}, "pk": 103, "model": "admin.logentry"}, {"fields": {"action_time": "2015-09-12T15:33:05.364Z", "content_type": 18, "object_id": "4", "user": 1, "object_repr": "stas put mark 5 for task PythonTask", "action_flag": 3, "change_message": ""}, "pk": 104, "model": "admin.logentry"}, {"fields": {"action_time": "2015-09-12T15:33:05.365Z", "content_type": 18, "object_id": "3", "user": 1, "object_repr": "stanislau put mark 5 for task deutsch", "action_flag": 3, "change_message": ""}, "pk": 105, "model": "admin.logentry"}, {"fields": {"action_time": "2015-09-12T15:33:05.367Z", "content_type": 18, "object_id": "2", "user": 1, "object_repr": "stanislau put mark 4 for task 2", "action_flag": 3, "change_message": ""}, "pk": 106, "model": "admin.logentry"}, {"fields": {"action_time": "2015-09-12T15:33:05.368Z", "content_type": 18, "object_id": "1", "user": 1, "object_repr": "stanislau put mark 4 for task Name", "action_flag": 3, "change_message": ""}, "pk": 107, "model": "admin.logentry"}, {"fields": {"action_time": "2015-09-12T15:35:29.245Z", "content_type": 21, "object_id": "8", "user": 1, "object_repr": "stanislau has 1 \u0420\u0435\u0448\u0430\u0442\u0435\u043b\u044c 1  \u0443\u0440\u043e\u0432\u043d\u044f", "action_flag": 3, "change_message": ""}, "pk": 108, "model": "admin.logentry"}, {"fields": {"action_time": "2015-09-12T15:35:43.325Z", "content_type": 16, "object_id": "27", "user": 1, "object_repr": "stanislau did not solve task \"EASY\"", "action_flag": 3, "change_message": ""}, "pk": 109, "model": "admin.logentry"}, {"fields": {"action_time": "2015-09-12T15:35:43.327Z", "content_type": 16, "object_id": "28", "user": 1, "object_repr": "stanislau solved task \"EASY\"", "action_flag": 3, "change_message": ""}, "pk": 110, "model": "admin.logentry"}, {"fields": {"action_time": "2015-09-12T15:38:51.922Z", "content_type": 17, "object_id": "17", "user": 1, "object_repr": "\u042f \u043d\u0435 \u0437\u043d\u0430\u044e", "action_flag": 3, "change_message": ""}, "pk": 111, "model": "admin.logentry"}, {"fields": {"action_time": "2015-09-12T15:38:51.929Z", "content_type": 17, "object_id": "18", "user": 1, "object_repr": "\u042f \u0442\u043e\u0436\u0435", "action_flag": 3, "change_message": ""}, "pk": 112, "model": "admin.logentry"}, {"fields": {"action_time": "2015-09-12T15:38:51.930Z", "content_type": 17, "object_id": "19", "user": 1, "object_repr": "\u043b\u0435\u0433\u043a\u043e", "action_flag": 3, "change_message": ""}, "pk": 113, "model": "admin.logentry"}, {"fields": {"action_time": "2015-09-12T15:38:51.931Z", "content_type": 17, "object_id": "21", "user": 1, "object_repr": "tt\n", "action_flag": 3, "change_message": ""}, "pk": 114, "model": "admin.logentry"}, {"fields": {"action_time": "2015-09-12T15:38:51.933Z", "content_type": 17, "object_id": "22", "user": 1, "object_repr": "\u043f\u043e-\u043c\u043e\u0435\u043c\u0443 \u044d\u0442\u043e \u043b\u0435\u0433\u043a\u043e, \u043d\u0435 \u0442\u044f\u043d\u0435\u0442 \u043d\u0430 High-level...", "action_flag": 3, "change_message": ""}, "pk": 115, "model": "admin.logentry"}, {"fields": {"action_time": "2015-09-12T15:46:39.185Z", "content_type": 16, "object_id": "24", "user": 1, "object_repr": "stanislau solved task \"First\"", "action_flag": 3, "change_message": ""}, "pk": 116, "model": "admin.logentry"}, {"fields": {"action_time": "2015-09-12T15:46:39.188Z", "content_type": 16, "object_id": "25", "user": 1, "object_repr": "stanislau solved task \"My Task\"", "action_flag": 3, "change_message": ""}, "pk": 117, "model": "admin.logentry"}, {"fields": {"action_time": "2015-09-12T15:46:39.189Z", "content_type": 16, "object_id": "26", "user": 1, "object_repr": "stanislau solved task \"deutsch\"", "action_flag": 3, "change_message": ""}, "pk": 118, "model": "admin.logentry"}, {"fields": {"action_time": "2015-09-12T15:46:39.191Z", "content_type": 16, "object_id": "29", "user": 1, "object_repr": "stanislau did not solve task \"EASY\"", "action_flag": 3, "change_message": ""}, "pk": 119, "model": "admin.logentry"}, {"fields": {"action_time": "2015-09-12T15:46:39.193Z", "content_type": 16, "object_id": "30", "user": 1, "object_repr": "stanislau did not solve task \"EASY\"", "action_flag": 3, "change_message": ""}, "pk": 120, "model": "admin.logentry"}, {"fields": {"action_time": "2015-09-12T15:46:39.194Z", "content_type": 16, "object_id": "31", "user": 1, "object_repr": "stanislau solved task \"EASY\"", "action_flag": 3, "change_message": ""}, "pk": 121, "model": "admin.logentry"}, {"fields": {"action_time": "2015-09-12T15:46:39.196Z", "content_type": 16, "object_id": "32", "user": 1, "object_repr": "stanislau solved task \"2\"", "action_flag": 3, "change_message": ""}, "pk": 122, "model": "admin.logentry"}, {"fields": {"action_time": "2015-09-12T15:46:46.776Z", "content_type": 18, "object_id": "12", "user": 1, "object_repr": "stanislau put mark 5 for task deutsch", "action_flag": 3, "change_message": ""}, "pk": 123, "model": "admin.logentry"}, {"fields": {"action_time": "2015-09-12T15:46:46.779Z", "content_type": 18, "object_id": "11", "user": 1, "object_repr": "stanislau put mark 2 for task My Task", "action_flag": 3, "change_message": ""}, "pk": 124, "model": "admin.logentry"}, {"fields": {"action_time": "2015-09-12T15:46:46.780Z", "content_type": 18, "object_id": "10", "user": 1, "object_repr": "stanislau put mark 2 for task First", "action_flag": 3, "change_message": ""}, "pk": 125, "model": "admin.logentry"}, {"fields": {"action_time": "2015-09-12T15:46:56.383Z", "content_type": 21, "object_id": "11", "user": 1, "object_repr": "stanislau has 1 \u041a\u043e\u043c\u043c\u0435\u043d\u0442\u0430\u0442\u043e\u0440 2 \u0443\u0440\u043e\u0432\u043d\u044f", "action_flag": 3, "change_message": ""}, "pk": 126, "model": "admin.logentry"}, {"fields": {"action_time": "2015-09-12T15:46:56.386Z", "content_type": 21, "object_id": "10", "user": 1, "object_repr": "stanislau has 1 \u041a\u043e\u043c\u043c\u0435\u043d\u0442\u0430\u0442\u043e\u0440 1 \u0443\u0440\u043e\u0432\u043d\u044f", "action_flag": 3, "change_message": ""}, "pk": 127, "model": "admin.logentry"}, {"fields": {"action_time": "2015-09-12T15:46:56.387Z", "content_type": 21, "object_id": "9", "user": 1, "object_repr": "stanislau has 1 \u0420\u0435\u0448\u0430\u0442\u0435\u043b\u044c 1  \u0443\u0440\u043e\u0432\u043d\u044f", "action_flag": 3, "change_message": ""}, "pk": 128, "model": "admin.logentry"}, {"fields": {"action_time": "2015-09-12T15:46:56.389Z", "content_type": 21, "object_id": "7", "user": 1, "object_repr": "stanislau has 1 \u0421\u043e\u0437\u0434\u0430\u0442\u0435\u043b\u044c 1 \u0443\u0440\u043e\u0432\u043d\u044f", "action_flag": 3, "change_message": ""}, "pk": 129, "model": "admin.logentry"}, {"fields": {"action_time": "2015-09-12T16:03:53.808Z", "content_type": 16, "object_id": "33", "user": 1, "object_repr": "stanislau solved task \"2\"", "action_flag": 3, "change_message": ""}, "pk": 130, "model": "admin.logentry"}, {"fields": {"action_time": "2015-09-12T16:03:53.810Z", "content_type": 16, "object_id": "34", "user": 1, "object_repr": "stanislau solved task \"My Task\"", "action_flag": 3, "change_message": ""}, "pk": 131, "model": "admin.logentry"}, {"fields": {"action_time": "2015-09-12T16:03:53.812Z", "content_type": 16, "object_id": "35", "user": 1, "object_repr": "stanislau solved task \"deutsch\"", "action_flag": 3, "change_message": ""}, "pk": 132, "model": "admin.logentry"}, {"fields": {"action_time": "2015-09-12T16:06:11.864Z", "content_type": 17, "object_id": "23", "user": 1, "object_repr": "1", "action_flag": 3, "change_message": ""}, "pk": 133, "model": "admin.logentry"}, {"fields": {"action_time": "2015-09-12T16:06:11.877Z", "content_type": 17, "object_id": "24", "user": 1, "object_repr": "2", "action_flag": 3, "change_message": ""}, "pk": 134, "model": "admin.logentry"}, {"fields": {"action_time": "2015-09-12T16:06:11.879Z", "content_type": 17, "object_id": "25", "user": 1, "object_repr": "3", "action_flag": 3, "change_message": ""}, "pk": 135, "model": "admin.logentry"}, {"fields": {"action_time": "2015-09-12T16:06:11.880Z", "content_type": 17, "object_id": "26", "user": 1, "object_repr": "4", "action_flag": 3, "change_message": ""}, "pk": 136, "model": "admin.logentry"}, {"fields": {"action_time": "2015-09-12T16:06:11.882Z", "content_type": 17, "object_id": "27", "user": 1, "object_repr": "5\n12", "action_flag": 3, "change_message": ""}, "pk": 137, "model": "admin.logentry"}, {"fields": {"action_time": "2015-09-12T16:06:11.883Z", "content_type": 17, "object_id": "28", "user": 1, "object_repr": "1", "action_flag": 3, "change_message": ""}, "pk": 138, "model": "admin.logentry"}, {"fields": {"action_time": "2015-09-12T16:06:11.885Z", "content_type": 17, "object_id": "29", "user": 1, "object_repr": "1", "action_flag": 3, "change_message": ""}, "pk": 139, "model": "admin.logentry"}, {"fields": {"action_time": "2015-09-12T16:06:11.886Z", "content_type": 17, "object_id": "30", "user": 1, "object_repr": "1", "action_flag": 3, "change_message": ""}, "pk": 140, "model": "admin.logentry"}, {"fields": {"action_time": "2015-09-12T16:06:11.887Z", "content_type": 17, "object_id": "31", "user": 1, "object_repr": "1", "action_flag": 3, "change_message": ""}, "pk": 141, "model": "admin.logentry"}, {"fields": {"action_time": "2015-09-12T16:06:11.889Z", "content_type": 17, "object_id": "32", "user": 1, "object_repr": "1", "action_flag": 3, "change_message": ""}, "pk": 142, "model": "admin.logentry"}, {"fields": {"action_time": "2015-09-12T16:06:11.890Z", "content_type": 17, "object_id": "33", "user": 1, "object_repr": "1", "action_flag": 3, "change_message": ""}, "pk": 143, "model": "admin.logentry"}, {"fields": {"action_time": "2015-09-12T16:06:11.892Z", "content_type": 17, "object_id": "34", "user": 1, "object_repr": "2", "action_flag": 3, "change_message": ""}, "pk": 144, "model": "admin.logentry"}, {"fields": {"action_time": "2015-09-12T16:06:11.893Z", "content_type": 17, "object_id": "35", "user": 1, "object_repr": "3", "action_flag": 3, "change_message": ""}, "pk": 145, "model": "admin.logentry"}, {"fields": {"action_time": "2015-09-12T16:06:11.894Z", "content_type": 17, "object_id": "36", "user": 1, "object_repr": "4", "action_flag": 3, "change_message": ""}, "pk": 146, "model": "admin.logentry"}, {"fields": {"action_time": "2015-09-12T16:06:11.895Z", "content_type": 17, "object_id": "37", "user": 1, "object_repr": "5", "action_flag": 3, "change_message": ""}, "pk": 147, "model": "admin.logentry"}, {"fields": {"action_time": "2015-09-12T16:06:11.896Z", "content_type": 17, "object_id": "38", "user": 1, "object_repr": "5", "action_flag": 3, "change_message": ""}, "pk": 148, "model": "admin.logentry"}, {"fields": {"action_time": "2015-09-12T16:08:25.891Z", "content_type": 21, "object_id": "13", "user": 1, "object_repr": "stanislau has 0 \u041a\u043e\u043c\u043c\u0435\u043d\u0442\u0430\u0442\u043e\u0440 1 \u0443\u0440\u043e\u0432\u043d\u044f", "action_flag": 3, "change_message": ""}, "pk": 149, "model": "admin.logentry"}, {"fields": {"action_time": "2015-09-12T16:08:39.851Z", "content_type": 17, "object_id": "41", "user": 1, "object_repr": "2", "action_flag": 3, "change_message": ""}, "pk": 150, "model": "admin.logentry"}, {"fields": {"action_time": "2015-09-12T16:08:39.854Z", "content_type": 17, "object_id": "42", "user": 1, "object_repr": "", "action_flag": 3, "change_message": ""}, "pk": 151, "model": "admin.logentry"}, {"fields": {"action_time": "2015-09-12T16:08:39.855Z", "content_type": 17, "object_id": "43", "user": 1, "object_repr": "", "action_flag": 3, "change_message": ""}, "pk": 152, "model": "admin.logentry"}, {"fields": {"action_time": "2015-09-12T16:08:39.857Z", "content_type": 17, "object_id": "44", "user": 1, "object_repr": "", "action_flag": 3, "change_message": ""}, "pk": 153, "model": "admin.logentry"}, {"fields": {"action_time": "2015-09-12T16:11:36.082Z", "content_type": 14, "object_id": "35", "user": 1, "object_repr": "1", "action_flag": 3, "change_message": ""}, "pk": 154, "model": "admin.logentry"}, {"fields": {"action_time": "2015-09-12T16:11:36.085Z", "content_type": 14, "object_id": "36", "user": 1, "object_repr": "1", "action_flag": 3, "change_message": ""}, "pk": 155, "model": "admin.logentry"}, {"fields": {"action_time": "2015-09-12T16:11:36.086Z", "content_type": 14, "object_id": "37", "user": 1, "object_repr": "w", "action_flag": 3, "change_message": ""}, "pk": 156, "model": "admin.logentry"}, {"fields": {"action_time": "2015-09-12T16:11:36.088Z", "content_type": 14, "object_id": "38", "user": 1, "object_repr": "w", "action_flag": 3, "change_message": ""}, "pk": 157, "model": "admin.logentry"}, {"fields": {"action_time": "2015-09-12T16:11:59.336Z", "content_type": 21, "object_id": "16", "user": 1, "object_repr": "stanislau has 1 \u0421\u043e\u0437\u0434\u0430\u0442\u0435\u043b\u044c 1 \u0443\u0440\u043e\u0432\u043d\u044f", "action_flag": 3, "change_message": ""}, "pk": 158, "model": "admin.logentry"}, {"fields": {"action_time": "2015-09-12T16:12:09.128Z", "content_type": 14, "object_id": "39", "user": 1, "object_repr": "w", "action_flag": 3, "change_message": ""}, "pk": 159, "model": "admin.logentry"}, {"fields": {"action_time": "2015-09-13T05:40:45.693Z", "content_type": 20, "object_id": "4", "user": 1, "object_repr": "Profile for \"\u0421\u0442\u0430\u043d\u0438\u0441\u043b\u0430\u0432\u041a\u043e\u0432\u0430\u043b\u0435\u0432\"", "action_flag": 2, "change_message": "\u0418\u0437\u043c\u0435\u043d\u0435\u043d pictureUrl."}, "pk": 160, "model": "admin.logentry"}, {"fields": {"action_time": "2015-09-13T06:02:38.557Z", "content_type": 19, "object_id": "8", "user": 1, "object_repr": "Creator3", "action_flag": 1, "change_message": ""}, "pk": 161, "model": "admin.logentry"}, {"fields": {"action_time": "2015-09-13T06:03:01.437Z", "content_type": 19, "object_id": "9", "user": 1, "object_repr": "Creator4", "action_flag": 1, "change_message": ""}, "pk": 162, "model": "admin.logentry"}, {"fields": {"action_time": "2015-09-13T06:03:49.321Z", "content_type": 19, "object_id": "10", "user": 1, "object_repr": "Solver3", "action_flag": 1, "change_message": ""}, "pk": 163, "model": "admin.logentry"}, {"fields": {"action_time": "2015-09-13T06:04:09.628Z", "content_type": 19, "object_id": "11", "user": 1, "object_repr": "Solver4", "action_flag": 1, "change_message": ""}, "pk": 164, "model": "admin.logentry"}, {"fields": {"action_time": "2015-09-13T06:04:52.114Z", "content_type": 19, "object_id": "12", "user": 1, "object_repr": "Commentator3", "action_flag": 1, "change_message": ""}, "pk": 165, "model": "admin.logentry"}, {"fields": {"action_time": "2015-09-13T06:05:19.789Z", "content_type": 19, "object_id": "13", "user": 1, "object_repr": "Commentator4", "action_flag": 1, "change_message": ""}, "pk": 166, "model": "admin.logentry"}, {"fields": {"action_time": "2015-09-13T06:13:18.840Z", "content_type": 19, "object_id": "1", "user": 1, "object_repr": "Creator1", "action_flag": 2, "change_message": "\u0418\u0437\u043c\u0435\u043d\u0435\u043d imageUrl."}, "pk": 167, "model": "admin.logentry"}, {"fields": {"action_time": "2015-09-13T06:13:29.041Z", "content_type": 19, "object_id": "2", "user": 1, "object_repr": "Creator2", "action_flag": 2, "change_message": "\u0418\u0437\u043c\u0435\u043d\u0435\u043d imageUrl."}, "pk": 168, "model": "admin.logentry"}, {"fields": {"action_time": "2015-09-13T06:13:39.335Z", "content_type": 19, "object_id": "8", "user": 1, "object_repr": "Creator3", "action_flag": 2, "change_message": "\u0418\u0437\u043c\u0435\u043d\u0435\u043d imageUrl."}, "pk": 169, "model": "admin.logentry"}, {"fields": {"action_time": "2015-09-13T06:13:48.941Z", "content_type": 19, "object_id": "9", "user": 1, "object_repr": "Creator4", "action_flag": 2, "change_message": "\u0418\u0437\u043c\u0435\u043d\u0435\u043d imageUrl."}, "pk": 170, "model": "admin.logentry"}, {"fields": {"action_time": "2015-09-13T06:13:59.728Z", "content_type": 19, "object_id": "3", "user": 1, "object_repr": "Solver1", "action_flag": 2, "change_message": "\u0418\u0437\u043c\u0435\u043d\u0435\u043d imageUrl."}, "pk": 171, "model": "admin.logentry"}, {"fields": {"action_time": "2015-09-13T06:14:05.873Z", "content_type": 19, "object_id": "4", "user": 1, "object_repr": "Solver2", "action_flag": 2, "change_message": "\u0418\u0437\u043c\u0435\u043d\u0435\u043d imageUrl."}, "pk": 172, "model": "admin.logentry"}, {"fields": {"action_time": "2015-09-13T06:14:11.134Z", "content_type": 19, "object_id": "10", "user": 1, "object_repr": "Solver3", "action_flag": 2, "change_message": "\u0418\u0437\u043c\u0435\u043d\u0435\u043d imageUrl."}, "pk": 173, "model": "admin.logentry"}, {"fields": {"action_time": "2015-09-13T06:14:16.940Z", "content_type": 19, "object_id": "11", "user": 1, "object_repr": "Solver4", "action_flag": 2, "change_message": "\u0418\u0437\u043c\u0435\u043d\u0435\u043d imageUrl."}, "pk": 174, "model": "admin.logentry"}, {"fields": {"action_time": "2015-09-13T06:14:35.907Z", "content_type": 19, "object_id": "5", "user": 1, "object_repr": "Commentator1", "action_flag": 2, "change_message": "\u0418\u0437\u043c\u0435\u043d\u0435\u043d imageUrl."}, "pk": 175, "model": "admin.logentry"}, {"fields": {"action_time": "2015-09-13T06:14:46.975Z", "content_type": 19, "object_id": "6", "user": 1, "object_repr": "Commentator2", "action_flag": 2, "change_message": "\u0418\u0437\u043c\u0435\u043d\u0435\u043d imageUrl."}, "pk": 176, "model": "admin.logentry"}, {"fields": {"action_time": "2015-09-13T06:14:53.735Z", "content_type": 19, "object_id": "12", "user": 1, "object_repr": "Commentator3", "action_flag": 2, "change_message": "\u0418\u0437\u043c\u0435\u043d\u0435\u043d imageUrl."}, "pk": 177, "model": "admin.logentry"}, {"fields": {"action_time": "2015-09-13T06:14:59.894Z", "content_type": 19, "object_id": "13", "user": 1, "object_repr": "Commentator4", "action_flag": 2, "change_message": "\u0418\u0437\u043c\u0435\u043d\u0435\u043d imageUrl."}, "pk": 178, "model": "admin.logentry"}, {"fields": {"action_time": "2015-09-13T06:15:19.203Z", "content_type": 19, "object_id": "7", "user": 1, "object_repr": "First", "action_flag": 2, "change_message": "\u0418\u0437\u043c\u0435\u043d\u0435\u043d imageUrl."}, "pk": 179, "model": "admin.logentry"}, {"fields": {"action_time": "2015-09-13T07:15:49.862Z", "content_type": 20, "object_id": "2", "user": 1, "object_repr": "Profile for \"stas\"", "action_flag": 2, "change_message": "\u0418\u0437\u043c\u0435\u043d\u0435\u043d pictureUrl."}, "pk": 180, "model": "admin.logentry"}, {"fields": {"action_time": "2015-09-13T14:57:01.264Z", "content_type": 14, "object_id": "41", "user": 1, "object_repr": "Arsenal Player", "action_flag": 3, "change_message": ""}, "pk": 181, "model": "admin.logentry"}, {"fields": {"action_time": "2015-09-13T14:57:01.286Z", "content_type": 14, "object_id": "42", "user": 1, "object_repr": "Arsenal Player", "action_flag": 3, "change_message": ""}, "pk": 182, "model": "admin.logentry"}, {"fields": {"action_time": "2015-09-13T14:57:01.288Z", "content_type": 14, "object_id": "43", "user": 1, "object_repr": "Arsenal Player", "action_flag": 3, "change_message": ""}, "pk": 183, "model": "admin.logentry"}, {"fields": {"action_time": "2015-09-13T14:57:01.289Z", "content_type": 14, "object_id": "44", "user": 1, "object_repr": "Arsenal Player", "action_flag": 3, "change_message": ""}, "pk": 184, "model": "admin.logentry"}, {"fields": {"action_time": "2015-09-13T14:57:01.291Z", "content_type": 14, "object_id": "45", "user": 1, "object_repr": "Arsenal Player", "action_flag": 3, "change_message": ""}, "pk": 185, "model": "admin.logentry"}, {"fields": {"action_time": "2015-09-13T14:57:01.292Z", "content_type": 14, "object_id": "46", "user": 1, "object_repr": "Arsenal Player", "action_flag": 3, "change_message": ""}, "pk": 186, "model": "admin.logentry"}, {"fields": {"action_time": "2015-09-13T14:57:01.294Z", "content_type": 14, "object_id": "47", "user": 1, "object_repr": "q", "action_flag": 3, "change_message": ""}, "pk": 187, "model": "admin.logentry"}, {"fields": {"action_time": "2015-09-14T12:44:55.136Z", "content_type": 12, "object_id": "24", "user": 1, "object_repr": "deutsch", "action_flag": 1, "change_message": ""}, "pk": 188, "model": "admin.logentry"}, {"fields": {"action_time": "2015-09-14T12:45:08.276Z", "content_type": 14, "object_id": "7", "user": 1, "object_repr": "deutsch", "action_flag": 2, "change_message": "\u0418\u0437\u043c\u0435\u043d\u0435\u043d tags."}, "pk": 189, "model": "admin.logentry"}, {"fields": {"action_time": "2015-09-14T16:58:18.128Z", "content_type": 14, "object_id": "8", "user": 1, "object_repr": "EASY", "action_flag": 2, "change_message": "\u0418\u0437\u043c\u0435\u043d\u0435\u043d tags."}, "pk": 190, "model": "admin.logentry"}, {"fields": {"action_time": "2015-09-14T16:58:28.299Z", "content_type": 14, "object_id": "10", "user": 1, "object_repr": "2", "action_flag": 2, "change_message": "\u0418\u0437\u043c\u0435\u043d\u0435\u043d tags."}, "pk": 191, "model": "admin.logentry"}, {"fields": {"action_time": "2015-09-14T16:58:38.388Z", "content_type": 14, "object_id": "11", "user": 1, "object_repr": "Name", "action_flag": 2, "change_message": "\u0418\u0437\u043c\u0435\u043d\u0435\u043d tags."}, "pk": 192, "model": "admin.logentry"}, {"fields": {"action_time": "2015-09-14T16:58:49.513Z", "content_type": 12, "object_id": "25", "user": 1, "object_repr": "Taska", "action_flag": 1, "change_message": ""}, "pk": 193, "model": "admin.logentry"}, {"fields": {"action_time": "2015-09-14T16:58:52.378Z", "content_type": 14, "object_id": "12", "user": 1, "object_repr": "MyTaska", "action_flag": 2, "change_message": "\u0418\u0437\u043c\u0435\u043d\u0435\u043d tags."}, "pk": 194, "model": "admin.logentry"}, {"fields": {"action_time": "2015-09-14T17:05:41.909Z", "content_type": 18, "object_id": "24", "user": 1, "object_repr": "stanislau put mark 3 for task 2", "action_flag": 3, "change_message": ""}, "pk": 195, "model": "admin.logentry"}, {"fields": {"action_time": "2015-09-14T17:06:42.768Z", "content_type": 18, "object_id": "25", "user": 1, "object_repr": "stanislau put mark 3 for task 2", "action_flag": 3, "change_message": ""}, "pk": 196, "model": "admin.logentry"}, {"fields": {"action_time": "2015-09-14T17:07:23.114Z", "content_type": 18, "object_id": "26", "user": 1, "object_repr": "stanislau put mark 5 for task 2", "action_flag": 3, "change_message": ""}, "pk": 197, "model": "admin.logentry"}, {"fields": {"action_time": "2015-09-14T17:08:50.247Z", "content_type": 18, "object_id": "27", "user": 1, "object_repr": "stanislau put mark 5 for task 2", "action_flag": 3, "change_message": ""}, "pk": 198, "model": "admin.logentry"}, {"fields": {"action_time": "2015-09-14T18:19:54.356Z", "content_type": 17, "object_id": "54", "user": 1, "object_repr": "asssssssssssssaaaaaaaaaaaaaaaaaasssssssssssssaaaaaaaaaaaaaaaaaasssssssssssssaaaaaaaaaaaaaaaaaassssss", "action_flag": 3, "change_message": ""}, "pk": 199, "model": "admin.logentry"}, {"fields": {"action_time": "2015-09-14T18:19:54.368Z", "content_type": 17, "object_id": "55", "user": 1, "object_repr": "asssssssssssssaaaaaaaaaaaaaaaaaasssssssssssssaaaaaaaaaaaaaaaaaassssssssssssssssaaaaaaaaaaaaaaaaaassssssasssssssssssssaaaaaaaaaaaaaaaaaasssssssssssssaaaaaaaaaaaaaaaaaassssssssssssssssaaaaaaaaaaaaaaaaaa", "action_flag": 3, "change_message": ""}, "pk": 200, "model": "admin.logentry"}, {"fields": {"action_time": "2015-09-14T18:19:54.369Z", "content_type": 17, "object_id": "56", "user": 1, "object_repr": "asssssssssssssaaaaaaaaaaaaaaaaaasssssssssssssaaaaaaaaaaaaaaaaaassssssssssssssssaaaaaaaaaaaaaaaaaassssss asssssssssssssaaaaaaaaaaaaaaaaaasssssssssssssaaaaaaaaaaaaaaaaaassssssssssssssssaaaaaaaaaaaaaaaaa", "action_flag": 3, "change_message": ""}, "pk": 201, "model": "admin.logentry"}, {"fields": {"action_time": "2015-09-14T18:51:37.248Z", "content_type": 17, "object_id": "57", "user": 1, "object_repr": "asd", "action_flag": 3, "change_message": ""}, "pk": 202, "model": "admin.logentry"}, {"fields": {"action_time": "2015-09-14T18:51:37.251Z", "content_type": 17, "object_id": "58", "user": 1, "object_repr": "asd", "action_flag": 3, "change_message": ""}, "pk": 203, "model": "admin.logentry"}, {"fields": {"action_time": "2015-09-14T18:51:37.253Z", "content_type": 17, "object_id": "59", "user": 1, "object_repr": "asd", "action_flag": 3, "change_message": ""}, "pk": 204, "model": "admin.logentry"}, {"fields": {"action_time": "2015-09-14T18:51:37.255Z", "content_type": 17, "object_id": "60", "user": 1, "object_repr": "asd", "action_flag": 3, "change_message": ""}, "pk": 205, "model": "admin.logentry"}, {"fields": {"action_time": "2015-09-14T18:51:37.256Z", "content_type": 17, "object_id": "61", "user": 1, "object_repr": "q\n", "action_flag": 3, "change_message": ""}, "pk": 206, "model": "admin.logentry"}, {"fields": {"action_time": "2015-09-14T18:51:37.257Z", "content_type": 17, "object_id": "62", "user": 1, "object_repr": "asd", "action_flag": 3, "change_message": ""}, "pk": 207, "model": "admin.logentry"}, {"fields": {"action_time": "2015-09-14T18:51:37.258Z", "content_type": 17, "object_id": "63", "user": 1, "object_repr": "asd", "action_flag": 3, "change_message": ""}, "pk": 208, "model": "admin.logentry"}, {"fields": {"action_time": "2015-09-16T20:30:02.237Z", "content_type": 20, "object_id": "2", "user": 1, "object_repr": "Profile for \"stas\"", "action_flag": 2, "change_message": "\u0418\u0437\u043c\u0435\u043d\u0435\u043d locale."}, "pk": 209, "model": "admin.logentry"}, {"fields": {"action_time": "2015-09-16T20:30:20.303Z", "content_type": 20, "object_id": "5", "user": 1, "object_repr": "Profile for \"kavaliou\"", "action_flag": 2, "change_message": "\u0418\u0437\u043c\u0435\u043d\u0435\u043d locale."}, "pk": 210, "model": "admin.logentry"}, {"fields": {"action_time": "2015-09-16T20:30:31.077Z", "content_type": 20, "object_id": "4", "user": 1, "object_repr": "Profile for \"\u0421\u0442\u0430\u043d\u0438\u0441\u043b\u0430\u0432\u041a\u043e\u0432\u0430\u043b\u0435\u0432\"", "action_flag": 2, "change_message": "\u0418\u0437\u043c\u0435\u043d\u0435\u043d locale."}, "pk": 211, "model": "admin.logentry"}]